-- phpMyAdmin SQL Dump
-- version 4.7.0
-- https://www.phpmyadmin.net/
--
-- Host: 127.0.0.1
-- Generation Time: Apr 23, 2018 at 03:30 AM
-- Server version: 10.1.25-MariaDB
-- PHP Version: 5.6.31

SET SQL_MODE = "NO_AUTO_VALUE_ON_ZERO";
SET AUTOCOMMIT = 0;
START TRANSACTION;
SET time_zone = "+00:00";


/*!40101 SET @OLD_CHARACTER_SET_CLIENT=@@CHARACTER_SET_CLIENT */;
/*!40101 SET @OLD_CHARACTER_SET_RESULTS=@@CHARACTER_SET_RESULTS */;
/*!40101 SET @OLD_COLLATION_CONNECTION=@@COLLATION_CONNECTION */;
/*!40101 SET NAMES utf8mb4 */;

--
-- Database: `simon`
--

-- --------------------------------------------------------

--
-- Table structure for table `administrator`
--

CREATE TABLE `administrator` (
  `id_admin` int(11) NOT NULL,
  `nama` varchar(35) NOT NULL,
  `j_kelamin` varchar(15) DEFAULT NULL,
  `tgl_lahir` date NOT NULL,
  `email` varchar(35) NOT NULL,
  `telp` varchar(13) NOT NULL,
  `avatar` varchar(100) DEFAULT NULL,
  `id_user` int(11) NOT NULL
) ENGINE=InnoDB DEFAULT CHARSET=latin1;

--
-- Dumping data for table `administrator`
--

INSERT INTO `administrator` (`id_admin`, `nama`, `j_kelamin`, `tgl_lahir`, `email`, `telp`, `avatar`, `id_user`) VALUES
(1, 'Yodi Yanwar', 'Laki-laki', '1994-12-13', 'yodi.yanwar@tazkia.ac.id', '0816616350', NULL, 1);

-- --------------------------------------------------------

--
-- Table structure for table `adminmatrik`
--

CREATE TABLE `adminmatrik` (
  `id_adminmatrik` int(3) NOT NULL,
  `nama` varchar(35) NOT NULL,
  `telp` varchar(13) DEFAULT NULL,
  `email` varchar(35) DEFAULT NULL,
  `j_kelamin` varchar(15) NOT NULL,
  `tgl_lahir` date DEFAULT NULL,
  `id_user` int(11) DEFAULT NULL,
  `avatar` varchar(100) DEFAULT NULL
) ENGINE=InnoDB DEFAULT CHARSET=latin1;

--
-- Dumping data for table `adminmatrik`
--

INSERT INTO `adminmatrik` (`id_adminmatrik`, `nama`, `telp`, `email`, `j_kelamin`, `tgl_lahir`, `id_user`, `avatar`) VALUES
(2, 'Derry', '085637242', 'derry@tazkia.ac.id', 'Laki-laki', '1987-01-02', 2, 'os_x_el_capitan-wallpaper-1366x768.jpg'),
(3, 'Hasan Ishaq', '081265484', 'hasan@tazkia.ac.id', 'Laki-laki', '2017-11-11', 23, NULL);

-- --------------------------------------------------------

--
-- Stand-in structure for view `data_mahasiswa`
-- (See below for the actual view)
--
CREATE TABLE `data_mahasiswa` (
`nama` varchar(35)
,`nim` int(11)
,`id_mahasiswa` int(11)
,`id_user` int(11)
,`j_kelamin` varchar(15)
,`last_login` datetime
,`password` varchar(50)
);

-- --------------------------------------------------------

--
-- Stand-in structure for view `data_user`
-- (See below for the actual view)
--
CREATE TABLE `data_user` (
`id_user` int(11)
,`username` varchar(30)
,`password` varchar(50)
,`password_default` int(1)
,`level` int(11)
,`last_login` datetime
);

-- --------------------------------------------------------

--
-- Table structure for table `mahasiswa`
--

CREATE TABLE `mahasiswa` (
  `id_mahasiswa` int(11) NOT NULL,
  `nim` int(11) NOT NULL,
  `nama` varchar(35) NOT NULL,
  `angkatan` int(11) DEFAULT NULL,
  `j_kelamin` varchar(15) DEFAULT NULL,
  `asalkota` varchar(20) DEFAULT NULL,
  `email` varchar(35) DEFAULT NULL,
  `telp` varchar(13) DEFAULT NULL,
  `avatar` varchar(100) DEFAULT NULL,
  `tgl_lahir` date DEFAULT NULL,
  `id_user` int(11) DEFAULT NULL
) ENGINE=InnoDB DEFAULT CHARSET=latin1;

--
-- Dumping data for table `mahasiswa`
--

INSERT INTO `mahasiswa` (`id_mahasiswa`, `nim`, `nama`, `angkatan`, `j_kelamin`, `asalkota`, `email`, `telp`, `avatar`, `tgl_lahir`, `id_user`) VALUES
(1174, 17101003, 'Hanapi Muslim', NULL, NULL, NULL, NULL, NULL, NULL, NULL, 33),
(1175, 17102002, 'Ibnu Hibban Hartono', NULL, NULL, NULL, NULL, NULL, NULL, NULL, 34),
(1176, 17101004, 'Salma Dliya Fuady', NULL, NULL, NULL, NULL, NULL, NULL, NULL, 35),
(1177, 17101005, 'Hilwa Fitri Millenia', NULL, NULL, NULL, NULL, NULL, NULL, NULL, 36),
(1178, 17102003, 'Mas Ichsan Nurhayati', NULL, NULL, NULL, NULL, NULL, NULL, NULL, 37),
(1179, 17104002, 'Aisyah As-salafiyah', NULL, 'Akhwat', NULL, NULL, NULL, NULL, NULL, 38),
(1180, 17101006, 'Luthfia Luhuringkania', NULL, NULL, NULL, NULL, NULL, NULL, NULL, 39),
(1181, 17101007, 'Regina Zahra', NULL, NULL, NULL, NULL, NULL, NULL, NULL, 40),
(1182, 17101008, 'Faizah Taufik', NULL, NULL, NULL, NULL, NULL, NULL, NULL, 41),
(1183, 17101010, 'Nur Jamilah', NULL, NULL, NULL, NULL, NULL, NULL, NULL, 42),
(1184, 17102004, 'Salma Nabilah Salsabil', NULL, NULL, NULL, NULL, NULL, NULL, NULL, 43),
(1185, 17102005, 'Wardatul Fadhilah', NULL, NULL, NULL, NULL, NULL, NULL, NULL, 44),
(1186, 17103001, 'Meilisa', NULL, NULL, NULL, NULL, NULL, NULL, NULL, 45),
(1187, 17103002, 'Zahra Shafira', NULL, NULL, NULL, NULL, NULL, NULL, NULL, 46),
(1188, 17101009, 'Muyassaroh', NULL, NULL, NULL, NULL, NULL, NULL, NULL, 47),
(1189, 17101011, 'Zafarina Zati Hulwani', NULL, NULL, NULL, NULL, NULL, NULL, NULL, 48),
(1190, 17101012, 'Putri Ananda', NULL, NULL, NULL, NULL, NULL, NULL, NULL, 49),
(1191, 17102006, 'Rasyifa Salsabilla', NULL, NULL, NULL, NULL, NULL, NULL, NULL, 50),
(1192, 17102007, 'Nurma Hermila', NULL, NULL, NULL, NULL, NULL, NULL, NULL, 51),
(1193, 17102008, 'Melati Hasna Abidah', NULL, NULL, NULL, NULL, NULL, NULL, NULL, 52),
(1194, 17102009, 'Salsabila', NULL, NULL, NULL, NULL, NULL, NULL, NULL, 53),
(1195, 17102010, 'Sakinah Zahra', NULL, NULL, NULL, NULL, NULL, NULL, NULL, 54),
(1196, 17102011, 'Fannia Mauludiyah Fachru', NULL, NULL, NULL, NULL, NULL, NULL, NULL, 55),
(1197, 17103003, 'Adila Nur Islamiaty', NULL, 'Akhwat', NULL, NULL, NULL, NULL, NULL, 56),
(1198, 17101013, 'Ella Wandania', NULL, NULL, NULL, NULL, NULL, NULL, NULL, 57),
(1199, 17101014, 'Nur Kintan Maharani', NULL, NULL, NULL, NULL, NULL, NULL, NULL, 58),
(1200, 17101015, 'Asri Nurazhari Putrimant', NULL, NULL, NULL, NULL, NULL, NULL, NULL, 59),
(1201, 17101016, 'Mala Mareta', NULL, NULL, NULL, NULL, NULL, NULL, NULL, 60),
(1202, 17102012, 'Maulida Nur Safitri', NULL, NULL, NULL, NULL, NULL, NULL, NULL, 61),
(1203, 17102013, 'Tasya Aulia Damayanti', NULL, NULL, NULL, NULL, NULL, NULL, NULL, 62),
(1204, 17102014, 'Fajriati Noer Hidayah', NULL, NULL, NULL, NULL, NULL, NULL, NULL, 63),
(1205, 17102015, 'Mutya Nurya Ningsih', NULL, NULL, NULL, NULL, NULL, NULL, NULL, 64),
(1206, 17101017, 'Atika Sundari', NULL, NULL, NULL, NULL, NULL, NULL, NULL, 65),
(1207, 17101018, 'Asphia Sahiba', NULL, NULL, NULL, NULL, NULL, NULL, NULL, 66),
(1208, 17101019, 'Salsabila Putri Sekar Ut', NULL, NULL, NULL, NULL, NULL, NULL, NULL, 67),
(1209, 17101020, 'Sabrina Elsa Firdatul Ja', NULL, NULL, NULL, NULL, NULL, NULL, NULL, 68),
(1210, 17101021, 'Rahmi Muflihah Abroni', NULL, NULL, NULL, NULL, NULL, NULL, NULL, 69),
(1211, 17101022, 'Sintia Monica', NULL, NULL, NULL, NULL, NULL, NULL, NULL, 70),
(1212, 17101023, 'Anisah Afifah', NULL, NULL, NULL, NULL, NULL, NULL, NULL, 71),
(1213, 17101024, 'Dinda Nur Maulidah', NULL, NULL, NULL, NULL, NULL, NULL, NULL, 72),
(1214, 17101025, 'Syanindita Ananda Riana', NULL, NULL, NULL, NULL, NULL, NULL, NULL, 73),
(1215, 17101026, 'Zahidah Rahmah', NULL, NULL, NULL, NULL, NULL, NULL, NULL, 74),
(1216, 17101027, 'Rika Ra\'idah Dwicahyani', NULL, NULL, NULL, NULL, NULL, NULL, NULL, 75),
(1217, 17101028, 'Wahyuni Utami', NULL, NULL, NULL, NULL, NULL, NULL, NULL, 76),
(1218, 17101029, 'Nabila Kinanty Aqilla', NULL, NULL, NULL, NULL, NULL, NULL, NULL, 77),
(1219, 17101030, 'Maida Fitri Yani', NULL, NULL, NULL, NULL, NULL, NULL, NULL, 78),
(1220, 17101031, 'Syifa Qolbi Amalia', NULL, NULL, NULL, NULL, NULL, NULL, NULL, 79),
(1221, 17101032, 'Nurul \'Izzah Addiini', NULL, NULL, NULL, NULL, NULL, NULL, NULL, 80),
(1222, 17101033, 'Nur Halimah', NULL, NULL, NULL, NULL, NULL, NULL, NULL, 81),
(1223, 17101034, 'Mutiara Lailla Ramadhini', NULL, NULL, NULL, NULL, NULL, NULL, NULL, 82),
(1224, 17101035, 'Sausan Raniah Asy Syahid', NULL, NULL, NULL, NULL, NULL, NULL, NULL, 83),
(1225, 17101036, 'Nafira Fitri Ayu Widadar', NULL, NULL, NULL, NULL, NULL, NULL, NULL, 84),
(1226, 17101037, 'Hanifah Salsabilla', NULL, NULL, NULL, NULL, NULL, NULL, NULL, 85),
(1227, 17102016, 'Fatimah Tuzzahroh', NULL, NULL, NULL, NULL, NULL, NULL, NULL, 86),
(1228, 17102017, 'Sekar Rizky Amalia Suher', NULL, NULL, NULL, NULL, NULL, NULL, NULL, 87),
(1229, 17102018, 'Dara Ayu Kusuma Ningrum', NULL, NULL, NULL, NULL, NULL, NULL, NULL, 88),
(1230, 17102019, 'Eka Nursyahfitri', NULL, NULL, NULL, NULL, NULL, NULL, NULL, 89),
(1231, 17103004, 'Ayu Dini Hastuti', NULL, 'Akhwat', '', '', '', NULL, '2008-04-01', 90),
(1232, 17103005, 'Nur Azizah Pulungan', NULL, NULL, NULL, NULL, NULL, NULL, NULL, 91),
(1233, 17103006, 'Syahila', NULL, NULL, NULL, NULL, NULL, NULL, NULL, 92),
(1234, 17101044, 'Alma Widiyanti', NULL, NULL, NULL, NULL, NULL, NULL, NULL, 93),
(1235, 17101043, 'Hana Raisa Fahira', NULL, NULL, NULL, NULL, NULL, NULL, NULL, 94),
(1236, 17102022, 'Adinda Salsabila', NULL, NULL, NULL, NULL, NULL, NULL, NULL, 95),
(1237, 17102023, 'Luthfiah Khairunisa', NULL, NULL, NULL, NULL, NULL, NULL, NULL, 96),
(1238, 17104003, 'Naimatul Kurniah', NULL, NULL, NULL, NULL, NULL, NULL, NULL, 97),
(1239, 17102021, 'Arda Prawi Agustanti', NULL, NULL, NULL, NULL, NULL, NULL, NULL, 98),
(1240, 17101041, 'Felia Rizkiana', NULL, NULL, NULL, NULL, NULL, NULL, NULL, 99),
(1241, 17101042, 'Ghina Lintang Azizah', NULL, NULL, NULL, NULL, NULL, NULL, NULL, 100),
(1242, 17103007, 'Lisa Anita Pratiwi', NULL, NULL, NULL, NULL, NULL, NULL, NULL, 101),
(1243, 17101040, 'Alin Duani', NULL, NULL, NULL, NULL, NULL, 'maxresdefault.jpg', NULL, 102),
(1244, 17103008, 'Syara Nur Fatimah', NULL, NULL, NULL, NULL, NULL, NULL, NULL, 103),
(1245, 17102020, 'Dwika Noviana', NULL, NULL, NULL, NULL, NULL, NULL, NULL, 104),
(1246, 17101039, 'Nurul Ramdhany', NULL, NULL, NULL, NULL, NULL, NULL, NULL, 105),
(1247, 17101038, 'Assyifa Nur Aziza', NULL, NULL, NULL, NULL, NULL, NULL, NULL, 106),
(1248, 17103010, 'Rahmaiola Raissa Aziza', NULL, NULL, NULL, NULL, NULL, NULL, NULL, 107),
(1249, 17101055, 'Rossdinna Nurul Rizqi', NULL, NULL, NULL, NULL, NULL, NULL, NULL, 108),
(1250, 17101054, 'Fiki Hijjatun Nada', NULL, NULL, NULL, NULL, NULL, NULL, NULL, 109),
(1251, 17102027, 'Adilia Nurul Zahra', NULL, 'Akhwat', NULL, NULL, NULL, NULL, NULL, 110),
(1252, 17101052, 'Haanii Haritsa Yuzen', NULL, NULL, NULL, NULL, NULL, NULL, NULL, 111),
(1253, 17101053, 'Hilga Hanistya Saputri', NULL, NULL, NULL, NULL, NULL, NULL, NULL, 112),
(1254, 17101050, 'Jenny Ananda', NULL, NULL, NULL, NULL, NULL, NULL, NULL, 113),
(1255, 17104005, 'Fifi Afiah Luqman', NULL, NULL, NULL, NULL, NULL, NULL, NULL, 114),
(1256, 17101051, 'Mufidah Amalia', NULL, NULL, NULL, NULL, NULL, NULL, NULL, 115),
(1257, 17101049, 'Rihaadatul Aisyi', NULL, NULL, NULL, NULL, NULL, NULL, NULL, 116),
(1258, 17102026, 'Desy Norma Safira', NULL, NULL, NULL, NULL, NULL, NULL, NULL, 117),
(1259, 17104004, 'Annastasha Wahyuningtyas', NULL, NULL, NULL, NULL, NULL, NULL, NULL, 118),
(1260, 17101048, 'Rhifa Azzahra Salsabila', NULL, NULL, NULL, NULL, NULL, NULL, NULL, 119),
(1261, 17102025, 'Indah Alfiarna', NULL, NULL, NULL, NULL, NULL, NULL, NULL, 120),
(1262, 17101047, 'Aulia Nur Asyifa', NULL, NULL, NULL, NULL, NULL, NULL, NULL, 121),
(1263, 17101046, 'Fitria Novianti', NULL, NULL, NULL, NULL, NULL, NULL, NULL, 122),
(1264, 17101045, 'Zakia Chairani Ayudia', NULL, NULL, NULL, NULL, NULL, NULL, NULL, 123),
(1265, 17102024, 'Syifa Aini Puspaning Dew', NULL, NULL, NULL, NULL, NULL, NULL, NULL, 124),
(1266, 17103013, 'Rufatulalawiah', NULL, NULL, NULL, NULL, NULL, NULL, NULL, 125),
(1267, 17102030, 'Nur Ihsannisaa Riyadi', NULL, NULL, NULL, NULL, NULL, NULL, NULL, 126),
(1268, 17101056, 'Nawarendra', NULL, NULL, NULL, NULL, NULL, NULL, NULL, 127),
(1269, 17103014, 'Nur Laila Madinatul Qoir', NULL, NULL, NULL, NULL, NULL, NULL, NULL, 128),
(1270, 17103012, 'Cita Rizki Ananda', NULL, NULL, NULL, NULL, NULL, NULL, NULL, 129),
(1271, 17102029, 'Azifatul Hasanah', NULL, NULL, NULL, NULL, NULL, NULL, NULL, 130),
(1272, 17103009, 'Suci Fauziah', NULL, NULL, NULL, NULL, NULL, NULL, NULL, 131),
(1273, 17103011, 'Ummu Kaltsum', NULL, NULL, NULL, NULL, NULL, NULL, NULL, 132),
(1274, 17102028, 'Salma Rahiimi', NULL, NULL, NULL, NULL, NULL, NULL, NULL, 133),
(1275, 17103018, 'Jihan Noer Evian', NULL, NULL, NULL, NULL, NULL, NULL, NULL, 134),
(1276, 17102035, 'Nabila Ramadiana', NULL, NULL, NULL, NULL, NULL, NULL, NULL, 135),
(1277, 17101070, 'Ashilah Raihanah', NULL, NULL, NULL, NULL, NULL, NULL, NULL, 136),
(1278, 17101072, 'Maulida Jihan Aulia', NULL, NULL, NULL, NULL, NULL, NULL, NULL, 137),
(1279, 17101071, 'Hana Nur Ratih', NULL, NULL, NULL, NULL, NULL, NULL, NULL, 138),
(1280, 17101069, 'Nabilah Ghalisani Fildza', NULL, NULL, NULL, NULL, NULL, NULL, NULL, 139),
(1281, 17102034, 'Rihadatul Aisyi', NULL, NULL, NULL, NULL, NULL, NULL, NULL, 140),
(1282, 17103017, 'Afta Rizky Amalia', NULL, NULL, NULL, NULL, NULL, NULL, NULL, 141),
(1283, 17103016, 'Wening Tyas Nur Anissa', NULL, NULL, NULL, NULL, NULL, NULL, NULL, 142),
(1284, 17101068, 'Farah Hafizhatun Nisa', NULL, NULL, NULL, NULL, NULL, NULL, NULL, 143),
(1285, 17103015, 'Aidatul Afifah Isra', NULL, 'Akhwat', NULL, NULL, NULL, NULL, NULL, 144),
(1286, 17101067, 'Hasna Luthfi Khairunnisa', NULL, NULL, NULL, NULL, NULL, NULL, NULL, 145),
(1287, 17101065, 'Salma Shafira Salsabila', NULL, NULL, NULL, NULL, NULL, NULL, NULL, 146),
(1288, 17102033, 'Dias Hanifa Ardhanariswa', NULL, NULL, NULL, NULL, NULL, NULL, NULL, 147),
(1289, 17101066, 'Afifa Rahmi Ihsana', NULL, 'Akhwat', '', '', '0837411942', NULL, '2018-04-01', 148),
(1290, 17104006, 'Adilah Lulu Aprilia Kusu', NULL, 'Akhwat', NULL, NULL, NULL, NULL, NULL, 149),
(1291, 17102032, 'Safana Ishlah Madani', NULL, NULL, NULL, NULL, NULL, NULL, NULL, 150),
(1292, 17101064, 'Hana Azahra', NULL, NULL, NULL, NULL, NULL, NULL, NULL, 151),
(1293, 17101061, 'Amalia Hanifah Latief', NULL, NULL, NULL, NULL, NULL, NULL, NULL, 152),
(1294, 17101063, 'Luthfiah Siti Sarah', NULL, NULL, NULL, NULL, NULL, NULL, NULL, 153),
(1295, 17101062, 'Salma Qurrata A', NULL, NULL, NULL, NULL, NULL, NULL, NULL, 154),
(1296, 17101060, 'Irma Rahmani', NULL, NULL, NULL, NULL, NULL, NULL, NULL, 155),
(1297, 17101059, 'Hilda Hidayatul Muwafaqo', NULL, NULL, NULL, NULL, NULL, NULL, NULL, 156),
(1298, 17102031, 'Firyal Arina Salsabila', NULL, NULL, NULL, NULL, NULL, NULL, NULL, 157),
(1299, 17101058, 'Tiara Fatihah Ramadhanti', NULL, NULL, NULL, NULL, NULL, NULL, NULL, 158),
(1300, 17101057, 'Annisa Mutia Ruza', NULL, NULL, NULL, NULL, NULL, NULL, NULL, 159),
(1301, 17101077, 'Hidayatul Azqia', NULL, NULL, NULL, NULL, NULL, NULL, NULL, 160),
(1302, 17101075, 'Aryawati', NULL, NULL, NULL, NULL, NULL, NULL, NULL, 161),
(1303, 17101074, 'Aulia Azka', NULL, NULL, NULL, NULL, NULL, NULL, NULL, 162),
(1304, 17101073, 'Irena Siti Dzahrah Putri', NULL, NULL, NULL, NULL, NULL, NULL, NULL, 163),
(1305, 17103022, 'Anisa Nanda Faisjal', NULL, NULL, NULL, NULL, NULL, NULL, NULL, 164),
(1306, 17102037, 'Yunita Surya Pratiwi', NULL, NULL, NULL, NULL, NULL, NULL, NULL, 165),
(1307, 17102038, 'Mayang Nirwana', NULL, NULL, NULL, NULL, NULL, NULL, NULL, 166),
(1308, 17103021, 'Raehan Fadila', NULL, NULL, NULL, NULL, NULL, NULL, NULL, 167),
(1309, 17103020, 'Annisa Syahidah Mujahida', NULL, NULL, NULL, NULL, NULL, NULL, NULL, 168),
(1310, 17101079, 'Nila Hidayatunnisak', NULL, NULL, NULL, NULL, NULL, NULL, NULL, 169),
(1311, 17102036, 'Hani Khairo Amalia N.a', NULL, NULL, NULL, NULL, NULL, NULL, NULL, 170),
(1312, 17103019, 'Ririn Riani', NULL, NULL, NULL, NULL, NULL, NULL, NULL, 171),
(1313, 17102040, 'Nandya Ahlus Sanah', NULL, NULL, NULL, NULL, NULL, NULL, NULL, 172),
(1314, 17102039, 'Tia Anggraeni Nurdiana', NULL, NULL, NULL, NULL, NULL, NULL, NULL, 173),
(1315, 17101080, 'Mawatu Shalihah Kaily', NULL, NULL, NULL, NULL, NULL, NULL, NULL, 174),
(1316, 17101081, 'Baiq Damayanti Azhar Put', NULL, NULL, NULL, NULL, NULL, NULL, NULL, 175),
(1317, 17102047, 'Anisa Irma Suryani', NULL, NULL, NULL, NULL, NULL, NULL, NULL, 176),
(1318, 17103025, 'Indah Oktaviola', NULL, NULL, NULL, NULL, NULL, NULL, NULL, 177),
(1319, 17102046, 'Umulia Safitri', NULL, NULL, NULL, NULL, NULL, NULL, NULL, 178),
(1320, 17101086, 'Leli Irma Suryani', NULL, NULL, NULL, NULL, NULL, NULL, NULL, 179),
(1321, 17101088, 'Salma Fatimah Az-zahra', NULL, NULL, NULL, NULL, NULL, NULL, NULL, 180),
(1322, 17102045, 'Ania Iqrima Azalia', NULL, NULL, NULL, NULL, NULL, NULL, NULL, 181),
(1323, 17101087, 'Isnafauziahbiljannah', NULL, NULL, NULL, NULL, NULL, NULL, NULL, 182),
(1324, 17103024, 'Nurul Hakim Dwi Yanti', NULL, NULL, NULL, NULL, NULL, NULL, NULL, 183),
(1325, 17102044, 'Riyadotul Mustamiah', NULL, NULL, NULL, NULL, NULL, NULL, NULL, 184),
(1326, 17101085, 'Afini Dwina Andarini', NULL, 'Akhwat', NULL, NULL, NULL, NULL, NULL, 185),
(1327, 17101083, 'Riqotu Fuadatuddiniyah', NULL, NULL, NULL, NULL, NULL, NULL, NULL, 186),
(1328, 17102043, 'Aulia Salsabila', NULL, NULL, NULL, NULL, NULL, NULL, NULL, 187),
(1329, 17101084, 'Dea Nabilah', NULL, NULL, NULL, NULL, NULL, NULL, NULL, 188),
(1330, 17102042, 'Sofiya Nadhifah', NULL, NULL, NULL, NULL, NULL, NULL, NULL, 189),
(1331, 17102041, 'Baiq Fathia Zulfahmia', NULL, NULL, NULL, NULL, NULL, NULL, NULL, 190),
(1332, 17103023, 'Muti\'ah Azizah', NULL, NULL, NULL, NULL, NULL, NULL, NULL, 191),
(1333, 17101082, 'Solehah', NULL, NULL, NULL, NULL, NULL, NULL, NULL, 192),
(1334, 17104007, 'Shofi Luthfiana', NULL, NULL, NULL, NULL, NULL, NULL, NULL, 193),
(1335, 17103028, 'Farah Alia Intania Kamil', NULL, NULL, NULL, NULL, NULL, NULL, NULL, 194),
(1336, 17102051, 'Utsman Abdul Hakim', NULL, NULL, NULL, NULL, NULL, NULL, NULL, 195),
(1337, 17101089, 'Izzati Luthfiyya', NULL, NULL, NULL, NULL, NULL, NULL, NULL, 196),
(1338, 17102050, 'Rukiyah Hasibuan', NULL, NULL, NULL, NULL, NULL, NULL, NULL, 197),
(1339, 17102049, 'Novia Lestari', NULL, NULL, NULL, NULL, NULL, NULL, NULL, 198),
(1340, 17101091, 'Vira Asriani', NULL, NULL, NULL, NULL, NULL, NULL, NULL, 199),
(1341, 17103026, 'Leniari', NULL, NULL, NULL, NULL, NULL, NULL, NULL, 200),
(1342, 17101076, 'Baiq Putri Nabila', NULL, NULL, NULL, NULL, NULL, NULL, NULL, 201),
(1343, 17102048, 'Nur Khodijah Khairani', NULL, NULL, NULL, NULL, NULL, NULL, NULL, 202),
(1344, 17102053, 'Ismah Choirunnisa', NULL, NULL, NULL, NULL, NULL, NULL, NULL, 203),
(1345, 17101090, 'Dini Khoerunisa', NULL, NULL, NULL, NULL, NULL, NULL, NULL, 204),
(1346, 17101095, 'Mustova Karim', NULL, NULL, NULL, NULL, NULL, NULL, NULL, 205),
(1347, 17103030, 'Jougie Maulana Triadi', NULL, NULL, NULL, NULL, NULL, NULL, NULL, 206),
(1348, 17101093, 'Haikal Fernanda', NULL, NULL, NULL, NULL, NULL, NULL, NULL, 207),
(1349, 17103029, 'Muhammad Rouman Affan', NULL, NULL, NULL, NULL, NULL, NULL, NULL, 208),
(1350, 17101092, 'Firza Faadhilah Arifian', NULL, NULL, NULL, NULL, NULL, NULL, NULL, 209),
(1351, 17102054, 'Aulia Zahra', NULL, NULL, NULL, NULL, NULL, NULL, NULL, 210),
(1352, 17101103, 'Farid Hidayatullah', NULL, NULL, NULL, NULL, NULL, NULL, NULL, 211),
(1353, 17102052, 'Defender Khoufarobbi', NULL, NULL, NULL, NULL, NULL, NULL, NULL, 212),
(1354, 17101102, 'Ridwan', NULL, NULL, NULL, NULL, NULL, NULL, NULL, 213),
(1355, 17101098, 'Muhamad Rizky Maulana', NULL, NULL, NULL, NULL, NULL, NULL, NULL, 214),
(1356, 17101101, 'Arland Pratama Wijaya', NULL, NULL, NULL, NULL, NULL, NULL, NULL, 215),
(1358, 17101100, 'M Haekal Fajrul Falah', NULL, NULL, NULL, NULL, NULL, NULL, NULL, 217),
(1359, 17101097, 'Abyan Rakhman', NULL, 'Ikhwan', NULL, NULL, NULL, NULL, NULL, 218),
(1360, 17101094, 'Aza Priambada', NULL, NULL, NULL, NULL, NULL, NULL, NULL, 219),
(1361, 17101096, 'Fauzan Hanif Sukma Pramo', NULL, NULL, NULL, NULL, NULL, NULL, NULL, 220),
(1362, 17101106, 'Muhammad Syahri Ramadani', NULL, NULL, NULL, NULL, NULL, NULL, NULL, 221),
(1363, 17101104, 'Imaduddin Dwi Hananto', NULL, NULL, NULL, NULL, NULL, NULL, NULL, 222),
(1364, 17101118, 'Fahmi Marjuki', NULL, NULL, NULL, NULL, NULL, NULL, NULL, 223),
(1365, 17101117, 'Zubeir Abdul Wahid Chan', NULL, 'Ikhwan', NULL, NULL, NULL, NULL, NULL, 224),
(1366, 17102060, 'Ghulam Hadi Al Fatah', NULL, NULL, NULL, NULL, NULL, NULL, NULL, 225),
(1367, 17103033, 'Syafii Bin Kadaryono Haf', NULL, NULL, NULL, NULL, NULL, NULL, NULL, 226),
(1368, 17101116, 'Muhamad Lutfi', NULL, NULL, NULL, NULL, NULL, NULL, NULL, 227),
(1369, 17102058, 'Aziz Rachmadji', NULL, NULL, NULL, NULL, NULL, NULL, NULL, 228),
(1370, 17101115, 'Noviyandi Difa Pratama', NULL, NULL, NULL, NULL, NULL, NULL, NULL, 229),
(1371, 17103032, 'Eki', NULL, NULL, NULL, NULL, NULL, NULL, NULL, 230),
(1372, 17101113, 'Sesa Afrian Yahya', NULL, NULL, NULL, NULL, NULL, NULL, NULL, 231),
(1373, 17101111, 'Muhamad Solehudin', NULL, NULL, NULL, NULL, NULL, NULL, NULL, 232),
(1374, 17102057, 'Muh Fathul Mubaraq Ss', NULL, NULL, NULL, NULL, NULL, NULL, NULL, 233),
(1375, 17101114, 'Yody Nur Rachmat', NULL, NULL, NULL, NULL, NULL, NULL, NULL, 234),
(1376, 17101112, 'Zahid Ahmad', NULL, NULL, NULL, NULL, NULL, NULL, NULL, 235),
(1377, 17101109, 'Arta Saiful Hilmi', NULL, NULL, NULL, NULL, NULL, NULL, NULL, 236),
(1378, 17101110, 'Muhammad Rafi\' Firdaus', NULL, NULL, NULL, NULL, NULL, NULL, NULL, 237),
(1379, 17102055, 'Poltak Fathirisi Nurlam', NULL, NULL, NULL, NULL, NULL, NULL, NULL, 238),
(1380, 17102056, 'Yazid Azam', NULL, NULL, NULL, NULL, NULL, NULL, NULL, 239),
(1381, 17103031, 'Luqman Aulia Rizky', NULL, NULL, NULL, NULL, NULL, NULL, NULL, 240),
(1382, 17101108, 'Aziz Guntur Purnamaputra', NULL, NULL, NULL, NULL, NULL, NULL, NULL, 241),
(1383, 17101107, 'Wildan Maulid Hanafi', NULL, NULL, NULL, NULL, NULL, NULL, NULL, 242),
(1384, 17101105, 'Arman Fadil Maulana', NULL, NULL, NULL, NULL, NULL, NULL, NULL, 243),
(1385, 17102062, 'Ramadhani', NULL, NULL, NULL, NULL, NULL, NULL, NULL, 244),
(1386, 17102063, 'Fuadhli Rahman Katam', NULL, NULL, NULL, NULL, NULL, NULL, NULL, 245),
(1387, 17102059, 'Lalu Arya Pringgadani', NULL, NULL, NULL, NULL, NULL, NULL, NULL, 246),
(1388, 17102061, 'Agung Prasetyo Wibowo', NULL, 'Ikhwan', NULL, NULL, NULL, NULL, NULL, 247),
(1389, 17101127, 'Hanif Dwi Putra', NULL, NULL, NULL, NULL, NULL, NULL, NULL, 248),
(1390, 17101128, 'Zulfitra Hadianto Palwam', NULL, NULL, NULL, NULL, NULL, NULL, NULL, 249),
(1391, 17101124, 'Lalu Rizky Adriansyah', NULL, NULL, NULL, NULL, NULL, NULL, NULL, 250),
(1392, 17101126, 'Difan Nurhafidzar Juanda', NULL, NULL, NULL, NULL, NULL, NULL, NULL, 251),
(1393, 17103037, 'Muhammad Syihabudin', NULL, NULL, NULL, NULL, NULL, NULL, NULL, 252),
(1394, 17103036, 'Miftah Azmi', NULL, NULL, NULL, NULL, NULL, NULL, NULL, 253),
(1395, 17101123, 'Farras Mubasysyirsyah', NULL, NULL, NULL, NULL, NULL, NULL, NULL, 254),
(1396, 17102065, 'Muhammad Islam Assidiq', NULL, NULL, NULL, NULL, NULL, NULL, NULL, 255),
(1397, 17101122, 'Ahlam Nabila', NULL, NULL, NULL, NULL, NULL, NULL, NULL, 256),
(1398, 17101119, 'Fikri Abdurrohman Maajid', NULL, NULL, NULL, NULL, NULL, NULL, NULL, 257),
(1399, 17103035, 'Asril Suwandi', NULL, NULL, NULL, NULL, NULL, NULL, NULL, 258),
(1400, 17101121, 'Khalel Mohammed Amar', NULL, NULL, NULL, NULL, NULL, NULL, NULL, 259),
(1401, 17103034, 'Taufik Nur Maarif', NULL, NULL, NULL, NULL, NULL, NULL, NULL, 260),
(1402, 17101120, 'Alif Limka Firdaus', NULL, NULL, NULL, NULL, NULL, NULL, NULL, 261),
(1403, 17102064, 'Naufal Al Baqir', NULL, NULL, NULL, NULL, NULL, NULL, NULL, 262),
(1404, 17101135, 'Ibnu Rasyid Hamidi', NULL, NULL, NULL, NULL, NULL, NULL, NULL, 263),
(1405, 17103040, 'Ganang Abi Rafianto', NULL, NULL, NULL, NULL, NULL, NULL, NULL, 264),
(1406, 17103039, 'Muhammad Abdillah Dhafaq', NULL, NULL, NULL, NULL, NULL, NULL, NULL, 265),
(1407, 17101133, 'Naufal Ahmad', NULL, NULL, NULL, NULL, NULL, NULL, NULL, 266),
(1408, 17101134, 'Muhammad Zacky Makarim S', NULL, NULL, NULL, NULL, NULL, NULL, NULL, 267),
(1409, 17101132, 'Muhammad Fathan Farizan', NULL, NULL, NULL, NULL, NULL, NULL, NULL, 268),
(1410, 17101130, 'L. M. Cahya Kurnia Harma', NULL, NULL, NULL, NULL, NULL, NULL, NULL, 269),
(1411, 17102068, 'Muhammad Ismail', NULL, NULL, NULL, NULL, NULL, NULL, NULL, 270),
(1412, 17101131, 'Labib Ulwan', NULL, NULL, NULL, NULL, NULL, NULL, NULL, 271),
(1413, 17102067, 'Muhammad Raihan Alfathi', NULL, NULL, NULL, NULL, NULL, NULL, NULL, 272),
(1414, 17102066, 'Muhammad Fadlil Kirom', NULL, NULL, NULL, NULL, NULL, NULL, NULL, 273),
(1415, 17101125, 'Edo Abdulrahim Fattah', NULL, NULL, NULL, NULL, NULL, NULL, NULL, 274),
(1416, 17101129, 'Moh Ala Furqoni', NULL, NULL, NULL, NULL, NULL, NULL, NULL, 275),
(1417, 17103038, 'Muh. Rifky Irsyadi', NULL, NULL, NULL, NULL, NULL, NULL, NULL, 276),
(1418, 17102078, 'Putra Muhammad Riawan Pa', NULL, NULL, NULL, NULL, NULL, NULL, NULL, 277),
(1419, 17103046, 'Ghaznawie Ihyamukti', NULL, NULL, NULL, NULL, NULL, NULL, NULL, 278),
(1420, 17101157, 'Naufal Raditya Krisna', NULL, NULL, NULL, NULL, NULL, NULL, NULL, 279),
(1421, 17101154, 'Faatihan Aulia Azwin', NULL, NULL, NULL, NULL, NULL, NULL, NULL, 280),
(1422, 17102077, 'Khalid Syaifulhaq', NULL, NULL, NULL, NULL, NULL, NULL, NULL, 281),
(1423, 17104008, 'Hilmi Taqiyyudin Aufa', NULL, NULL, NULL, NULL, NULL, NULL, NULL, 282),
(1424, 17101156, 'Hafisz Maulana Rasjid', NULL, NULL, NULL, NULL, NULL, NULL, NULL, 283),
(1425, 17101155, 'Muhammad Haniful Amin', NULL, NULL, NULL, NULL, NULL, NULL, NULL, 284),
(1426, 17101153, 'Hilmy Fikri', NULL, NULL, NULL, NULL, NULL, NULL, NULL, 285),
(1427, 17102076, 'Rakha Aditama Iskandar', NULL, NULL, NULL, NULL, NULL, NULL, NULL, 286),
(1428, 17101152, 'Miftah Faruq Nugraha', NULL, NULL, NULL, NULL, NULL, NULL, NULL, 287),
(1429, 17103044, 'Tariq Mukhlisin', NULL, NULL, NULL, NULL, NULL, NULL, NULL, 288),
(1430, 17102075, 'Muhammad Bukhari Muslim', NULL, NULL, NULL, NULL, NULL, NULL, NULL, 289),
(1431, 17101151, 'Irvan Riyansyah', NULL, NULL, NULL, NULL, NULL, NULL, NULL, 290),
(1432, 17102074, 'Abdul Latif', NULL, 'Ikhwan', '', 'abdul.latif@tazkia.ac.id', '0812434224', NULL, '2018-04-01', 291),
(1433, 17103045, 'Ghazi Ahmad', NULL, NULL, NULL, NULL, NULL, NULL, NULL, 292),
(1434, 17101148, 'Abdullah Haidar', NULL, 'Ikhwan', NULL, NULL, NULL, NULL, NULL, 293),
(1435, 17102073, 'Farhan Anshori', NULL, NULL, NULL, NULL, NULL, NULL, NULL, 294),
(1436, 17101150, 'Muhammad Puji Pangestu', NULL, NULL, NULL, NULL, NULL, NULL, NULL, 295),
(1437, 17101149, 'Muhammad Rizki Sinar Ila', NULL, NULL, NULL, NULL, NULL, NULL, NULL, 296),
(1438, 17101147, 'Falah Ageng Pakerti', NULL, NULL, NULL, NULL, NULL, NULL, NULL, 297),
(1439, 17101146, 'Iza Fais Saputra', NULL, NULL, NULL, NULL, NULL, NULL, NULL, 298),
(1440, 17102072, 'Muhammad Ivan Firmansyah', NULL, NULL, NULL, NULL, NULL, NULL, NULL, 299),
(1441, 17101145, 'Muhammad Angga Abdullah', NULL, NULL, NULL, NULL, NULL, NULL, NULL, 300),
(1442, 17103043, 'Abdurrahman Kholish', NULL, 'Ikhwan', NULL, NULL, NULL, NULL, NULL, 301),
(1443, 17101142, 'Reynaldi Wahab', NULL, NULL, NULL, NULL, NULL, NULL, NULL, 302),
(1444, 17102071, 'Rafi\' Muttaqin', NULL, NULL, NULL, NULL, NULL, NULL, NULL, 303),
(1445, 17101144, 'Muhammad Ananda Fajar', NULL, NULL, NULL, NULL, NULL, NULL, NULL, 304),
(1446, 17101143, 'Moch. Lukmannul Hakim', NULL, NULL, NULL, NULL, NULL, NULL, NULL, 305),
(1447, 17101141, 'Ramadhana Devandani Enti', NULL, NULL, NULL, NULL, NULL, NULL, NULL, 306),
(1449, 17102069, 'Muhammad Zain Ghojali', NULL, NULL, NULL, NULL, NULL, NULL, NULL, 308),
(1450, 17103041, 'Ilham Akbar', NULL, NULL, NULL, NULL, NULL, NULL, NULL, 309),
(1451, 17101139, 'Juan Fadri Ramdhani', NULL, NULL, NULL, NULL, NULL, NULL, NULL, 310),
(1452, 17101138, 'Herdy Almadiptha Rahman', NULL, NULL, NULL, NULL, NULL, NULL, NULL, 311),
(1453, 17103042, 'Ilham Zulkarami Aslam', NULL, NULL, NULL, NULL, NULL, NULL, NULL, 312),
(1454, 17102070, 'Maulana Rizky Septiaji', NULL, NULL, NULL, NULL, NULL, NULL, NULL, 313),
(1455, 17101137, 'Muhammad Denito Bastian', NULL, NULL, NULL, NULL, NULL, NULL, NULL, 314),
(1456, 17101136, 'Muhammad Faisal', NULL, NULL, NULL, NULL, NULL, NULL, NULL, 315),
(1457, 17101166, 'Nurrahman Wira Aji', NULL, NULL, NULL, NULL, NULL, NULL, NULL, 316),
(1458, 17101165, 'Zuhdi Anjari Tigara', NULL, NULL, NULL, NULL, NULL, NULL, NULL, 317),
(1459, 17101164, 'Muhammad.daffa As-syauqi', NULL, NULL, NULL, NULL, NULL, NULL, NULL, 318),
(1460, 17101163, 'Billy Muhammad Fadilah', NULL, NULL, NULL, NULL, NULL, NULL, NULL, 319),
(1461, 17103048, 'Ahmad Kariim Robbani', NULL, NULL, NULL, NULL, NULL, NULL, NULL, 320),
(1462, 17101162, 'Hariz Ilmam Husnan', NULL, NULL, NULL, NULL, NULL, NULL, NULL, 321),
(1463, 17102081, 'Yonasya Esa Kautsarizki', NULL, NULL, NULL, NULL, NULL, NULL, NULL, 322),
(1464, 17102080, 'Perdana Priambudi', NULL, NULL, NULL, NULL, NULL, NULL, NULL, 323),
(1465, 17101161, 'Baso Ratulangi', NULL, NULL, NULL, NULL, NULL, NULL, NULL, 324),
(1466, 17103047, 'Lalu Satria Prayuda', NULL, NULL, NULL, NULL, NULL, NULL, NULL, 325),
(1467, 17102079, 'M. Angga Haryadi', NULL, NULL, NULL, NULL, NULL, NULL, NULL, 326),
(1468, 17101159, 'Ridwan Hasyim', NULL, NULL, NULL, NULL, NULL, NULL, NULL, 327),
(1469, 17101160, 'Rizal Muhammad Fauzan', NULL, NULL, NULL, NULL, NULL, NULL, NULL, 328),
(1470, 17104009, 'Ahmad Atiq Abqari', NULL, 'Ikhwan', '', '', '', NULL, '0000-00-00', 329),
(1471, 17101158, 'Muhammad Nasyith Sholahu', NULL, NULL, NULL, NULL, NULL, NULL, NULL, 330),
(1472, 17101176, 'Muhammad Fadhil Mujahid', NULL, NULL, NULL, NULL, NULL, NULL, NULL, 331),
(1473, 17101175, 'Rayhan Pasa Aryandra', NULL, NULL, NULL, NULL, NULL, NULL, NULL, 332),
(1474, 17102083, 'Tedy Zainul Muttaqin Ibn', NULL, NULL, NULL, NULL, NULL, NULL, NULL, 333),
(1475, 17102082, 'Mochamad Ridho Fahlefi', NULL, NULL, NULL, NULL, NULL, NULL, NULL, 334),
(1476, 17101174, 'Muhammad Fitriana Hasan', NULL, NULL, NULL, NULL, NULL, NULL, NULL, 335),
(1477, 17101171, 'Ferdi Wijaya', NULL, NULL, NULL, NULL, NULL, NULL, NULL, 336),
(1478, 17101172, 'Risang Muhammad', NULL, NULL, NULL, NULL, NULL, NULL, NULL, 337),
(1479, 17101173, 'Muahmmad Hafidz Fathoni', NULL, NULL, NULL, NULL, NULL, NULL, NULL, 338),
(1480, 17101167, 'Moh.yanis Yosfiah', NULL, NULL, NULL, NULL, NULL, NULL, NULL, 339),
(1481, 17101170, 'Azmi Syahid', NULL, NULL, NULL, NULL, NULL, NULL, NULL, 340),
(1482, 17101169, 'Indra Wijaya', NULL, NULL, NULL, NULL, NULL, NULL, NULL, 341),
(1483, 17101168, 'Ilham Akbar Ramadhan', NULL, NULL, NULL, NULL, NULL, NULL, NULL, 342),
(1484, 17101180, 'Dimas Adektama', NULL, NULL, NULL, NULL, NULL, NULL, NULL, 343),
(1486, 17102085, 'Nanda Wahyu Noerkamal', NULL, NULL, NULL, NULL, NULL, NULL, NULL, 345),
(1487, 17101178, 'M. Ridwan Saufi', NULL, NULL, NULL, NULL, NULL, NULL, NULL, 346),
(1488, 17102084, 'Abid Rahmatullah', NULL, 'Ikhwan', NULL, NULL, NULL, NULL, NULL, 347),
(1489, 17103049, 'Reno Meizanggi', NULL, NULL, NULL, NULL, NULL, NULL, NULL, 348),
(1490, 17101177, 'Muhammad Diaz Advani', NULL, NULL, NULL, NULL, NULL, NULL, NULL, 349),
(1491, 17101182, 'Renaldi Septiawan', NULL, NULL, NULL, NULL, NULL, NULL, NULL, 350),
(1492, 17101183, 'Ilham Muhammad Ghifari', NULL, NULL, NULL, NULL, NULL, NULL, NULL, 351),
(1493, 17102086, 'Orde Leo Al Fathur', NULL, NULL, NULL, NULL, NULL, NULL, NULL, 352),
(1494, 17101181, 'M.farid', NULL, NULL, NULL, NULL, NULL, NULL, NULL, 353),
(1495, 17101184, 'Ramadan Arudi Satyagraha', NULL, NULL, NULL, NULL, NULL, NULL, NULL, 354),
(1496, 17101185, 'Muhammad Iqbal', NULL, NULL, NULL, NULL, NULL, NULL, NULL, 355),
(1497, 17101187, 'Ahmad Hilmi Jamaludin', NULL, NULL, NULL, NULL, NULL, NULL, NULL, 356),
(1498, 17101189, 'Muhammad Farhan Maulana', NULL, NULL, NULL, NULL, NULL, NULL, NULL, 357),
(1499, 17101188, 'Azka Muharam', NULL, NULL, NULL, NULL, NULL, NULL, NULL, 358),
(1500, 17103052, 'Zidan Muhammad Qushay', NULL, NULL, NULL, NULL, NULL, NULL, NULL, 359),
(1501, 17104010, 'Taufiq Ismail', NULL, NULL, NULL, NULL, NULL, NULL, NULL, 360),
(1502, 17101186, 'Nabil Nur Salsabil', NULL, NULL, NULL, NULL, NULL, NULL, NULL, 361),
(1503, 17103050, 'Akmal Mahira Setiawan', NULL, NULL, NULL, NULL, NULL, NULL, NULL, 362),
(1504, 17102087, 'Muhammad Faishal Hilman', NULL, NULL, NULL, NULL, NULL, NULL, NULL, 363),
(1505, 17101190, 'Muhammad Rasyid Ridha', NULL, NULL, NULL, NULL, NULL, NULL, NULL, 364),
(2010, 17102088, 'Faliza Hafidhotul F', NULL, NULL, NULL, NULL, NULL, NULL, NULL, 365),
(2029, 17101225, 'Afka Qoriyanto', NULL, NULL, NULL, NULL, NULL, NULL, NULL, 366),
(2030, 17101217, 'Alfariq Riansyah', NULL, 'Ikhwan', NULL, NULL, NULL, NULL, NULL, 367),
(2031, 17101216, 'Anto Wijaya', NULL, NULL, NULL, NULL, NULL, NULL, NULL, 368),
(2032, 17101210, 'Eko Saputra', NULL, NULL, NULL, NULL, NULL, NULL, NULL, 369),
(2033, 17101223, 'Fahri', NULL, NULL, NULL, NULL, NULL, NULL, NULL, 370),
(2034, 17101221, 'Febby Kurniawan', NULL, NULL, NULL, NULL, NULL, NULL, NULL, 371),
(2035, 17101219, 'Holili', NULL, NULL, NULL, NULL, NULL, NULL, NULL, 372),
(2036, 17101226, 'Imam', NULL, NULL, NULL, NULL, NULL, NULL, NULL, 373),
(2037, 17101220, 'Jodi Prasetyo', NULL, NULL, NULL, NULL, NULL, NULL, NULL, 374),
(2038, 17102095, 'M Rizal', NULL, NULL, NULL, NULL, NULL, NULL, NULL, 375),
(2039, 17101208, 'Muhamad Arjum', NULL, NULL, NULL, NULL, NULL, NULL, NULL, 376),
(2040, 17103053, 'Rahmanda', NULL, NULL, NULL, NULL, NULL, NULL, NULL, 377),
(2041, 17102091, 'Rangga Wijaya', NULL, NULL, NULL, NULL, NULL, NULL, NULL, 378),
(2042, 17103057, 'Rayzandy Gunawan', NULL, NULL, NULL, NULL, NULL, NULL, NULL, 379),
(2043, 17101204, 'Renaldi', NULL, NULL, NULL, NULL, NULL, NULL, NULL, 380),
(2044, 17101212, 'Riyan Erwinsyah', NULL, NULL, NULL, NULL, NULL, NULL, NULL, 381),
(2045, 17101211, 'Robi Permana', NULL, NULL, NULL, NULL, NULL, NULL, NULL, 382),
(2046, 17102093, 'Saptiadi', NULL, NULL, NULL, NULL, NULL, NULL, NULL, 383),
(2047, 17101233, 'Qomardiansyah', NULL, NULL, NULL, NULL, NULL, NULL, NULL, 384),
(2048, 17101195, 'Mikal Mufid Asdika', NULL, NULL, NULL, NULL, NULL, NULL, NULL, 385),
(2049, 17101203, 'Jihad Nabil Rafif Mahdi', NULL, NULL, NULL, NULL, NULL, NULL, NULL, 386),
(2051, 17101193, 'Feydhul Qodir Muwaffaq', NULL, NULL, NULL, NULL, NULL, NULL, NULL, 387),
(2052, 17101192, 'Rangga Adithiya', NULL, NULL, NULL, NULL, NULL, NULL, NULL, 388),
(2053, 17101207, 'Ashmita Merry Anggreini', NULL, NULL, NULL, NULL, NULL, NULL, NULL, 389),
(2054, 17102090, 'Asih Purminta', NULL, 'Akhwat', '', '', '', NULL, '2017-01-01', 390),
(2055, 17101227, 'Ayu Lestari', NULL, NULL, NULL, NULL, NULL, NULL, NULL, 391),
(2056, 17101229, 'Dessy Kurnia Ramadhanti', NULL, NULL, NULL, NULL, NULL, NULL, NULL, 392),
(2057, 17102094, 'Dwi Eldia Oktaviani', NULL, NULL, NULL, NULL, NULL, NULL, NULL, 393),
(2058, 17101214, 'Eka Pratiwi', NULL, NULL, NULL, NULL, NULL, NULL, NULL, 394),
(2059, 17103060, 'Fitri Nursari', NULL, NULL, NULL, NULL, NULL, NULL, NULL, 395),
(2060, 17101228, 'Gressy Aurellia', NULL, NULL, NULL, NULL, NULL, NULL, NULL, 396),
(2061, 17103061, 'Holmi', NULL, NULL, NULL, NULL, NULL, NULL, NULL, 397),
(2062, 17101231, 'Ismi Yati Azis', NULL, NULL, NULL, NULL, NULL, NULL, NULL, 398),
(2063, 17101230, 'Kana Nurrohma', NULL, NULL, NULL, NULL, NULL, NULL, NULL, 399),
(2064, 17101209, 'Kirana Dewi Nouriand', NULL, NULL, NULL, NULL, NULL, NULL, NULL, 400),
(2065, 17103054, 'Lilis Diana', NULL, NULL, NULL, NULL, NULL, NULL, NULL, 401),
(2066, 17101218, 'Maemunah', NULL, NULL, NULL, NULL, NULL, NULL, NULL, 402),
(2067, 17101222, 'Omiyuka', NULL, NULL, NULL, NULL, NULL, NULL, NULL, 403),
(2068, 17103056, 'Ovi Tri Astuti', NULL, NULL, NULL, NULL, NULL, NULL, NULL, 404),
(2069, 17102092, 'Putri Faradiba', NULL, NULL, NULL, NULL, NULL, NULL, NULL, 405),
(2070, 17104011, 'Rana Wulandari', NULL, NULL, NULL, NULL, NULL, NULL, NULL, 406),
(2071, 17101224, 'Rini Anggreni', NULL, NULL, NULL, NULL, NULL, NULL, NULL, 407),
(2072, 17103055, 'Riska Wijayanti', NULL, NULL, NULL, NULL, NULL, NULL, NULL, 408),
(2073, 17103059, 'Sifa Aprilia', NULL, NULL, NULL, NULL, NULL, NULL, NULL, 409),
(2074, 17101232, 'Silvia Afri Wulanti', NULL, NULL, NULL, NULL, NULL, NULL, NULL, 410),
(2075, 17101206, 'Sumaria', NULL, NULL, NULL, NULL, NULL, NULL, NULL, 411),
(2076, 17101215, 'Surni Meiyanti', NULL, NULL, NULL, NULL, NULL, NULL, NULL, 412),
(2077, 17103058, 'Tina Fitasari', NULL, NULL, NULL, NULL, NULL, NULL, NULL, 413),
(2078, 17101205, 'Yulisandri', NULL, NULL, NULL, NULL, NULL, NULL, NULL, 414),
(2079, 17101213, 'Yusriyanti', NULL, NULL, NULL, NULL, NULL, NULL, NULL, 415),
(2080, 17101194, 'Elisa', NULL, NULL, NULL, NULL, NULL, NULL, NULL, 416),
(2081, 17102089, 'Nabila Farha', NULL, NULL, NULL, NULL, NULL, NULL, NULL, 417),
(2082, 17103062, 'Sella Septiani K', NULL, NULL, NULL, NULL, NULL, NULL, NULL, 418),
(2083, 17103051, 'Juheri', NULL, NULL, NULL, NULL, NULL, NULL, NULL, 419);

-- --------------------------------------------------------

--
-- Table structure for table `m_binaan`
--

CREATE TABLE `m_binaan` (
  `id_mhsbinaan` int(11) NOT NULL,
  `id_pembina` int(11) NOT NULL,
  `id_mahasiswa` int(11) NOT NULL
) ENGINE=InnoDB DEFAULT CHARSET=latin1;

--
-- Dumping data for table `m_binaan`
--

INSERT INTO `m_binaan` (`id_mhsbinaan`, `id_pembina`, `id_mahasiswa`) VALUES
(1, 22, 1197),
(2, 22, 1290),
(3, 22, 1251),
(4, 26, 1326),
(5, 26, 1285),
(6, 26, 1179),
(8, 20, 1388),
(9, 20, 2030),
(10, 28, 1432),
(11, 28, 1434),
(12, 28, 1442),
(13, 28, 1488),
(14, 28, 1359),
(15, 28, 1365);

-- --------------------------------------------------------

--
-- Table structure for table `paksi`
--

CREATE TABLE `paksi` (
  `id_paksi` int(11) NOT NULL,
  `id_pbentuk` int(11) DEFAULT NULL,
  `nama_aksi` varchar(50) DEFAULT NULL
) ENGINE=InnoDB DEFAULT CHARSET=latin1;

--
-- Dumping data for table `paksi`
--

INSERT INTO `paksi` (`id_paksi`, `id_pbentuk`, `nama_aksi`) VALUES
(3, 1, 'mencuri'),
(4, 1, 'miras'),
(5, 1, 'narkoba'),
(6, 1, 'pornografi'),
(7, 1, 'pornoaksi'),
(8, 1, 'zina'),
(9, 3, 'merokok'),
(10, 3, 'membawa rokok'),
(11, 2, 'Berpacaran'),
(12, 9, 'Pamer');

-- --------------------------------------------------------

--
-- Table structure for table `pbentuk`
--

CREATE TABLE `pbentuk` (
  `id_pbentuk` int(11) NOT NULL,
  `nama_bentuk` varchar(100) DEFAULT NULL
) ENGINE=InnoDB DEFAULT CHARSET=latin1;

--
-- Dumping data for table `pbentuk`
--

INSERT INTO `pbentuk` (`id_pbentuk`, `nama_bentuk`) VALUES
(1, 'Melakukan perbuatan maksiat yang dapat mencemarkan nama baik pribadi dan\r\natau STEI TAZKIA'),
(2, 'Berkhalwat'),
(3, 'merokok'),
(4, 'Rokok'),
(7, 'Adab'),
(8, 'Sopan Santun'),
(9, 'Sombong');

-- --------------------------------------------------------

--
-- Table structure for table `pembina`
--

CREATE TABLE `pembina` (
  `id_pembina` int(11) NOT NULL,
  `nama` varchar(35) NOT NULL,
  `j_kelamin` varchar(15) DEFAULT NULL,
  `tgl_lahir` date NOT NULL,
  `gelar` varchar(10) DEFAULT NULL,
  `asalkota` varchar(20) DEFAULT NULL,
  `email` varchar(35) NOT NULL,
  `telp` varchar(13) NOT NULL,
  `avatar` varchar(100) DEFAULT NULL,
  `id_user` int(11) NOT NULL
) ENGINE=InnoDB DEFAULT CHARSET=latin1;

--
-- Dumping data for table `pembina`
--

INSERT INTO `pembina` (`id_pembina`, `nama`, `j_kelamin`, `tgl_lahir`, `gelar`, `asalkota`, `email`, `telp`, `avatar`, `id_user`) VALUES
(18, 'Bintang Pamuncak', 'Ikhwan', '2017-01-01', 'S.Ei', 'Semarang', 'bintang@tazkia.ac.id', '0859473235', NULL, 21),
(19, 'Hayatul Mujadidah', 'Akhwat', '2017-11-14', 'S.Ei', 'Sukabumi', 'aya@tazkia.ac.id', '081654812', NULL, 22),
(20, 'Rizky Akbar Cholilullah', 'Ikhwan', '2017-12-13', 'S.Ei', 'Pekalongan', 'rizky_akbar@tazkia.ac.id', '0816384924', NULL, 24),
(21, 'Rian Alfiansyah', 'Ikhwan', '2017-12-20', 'S.Ei', 'Tasikmalaya', 'rian@tazkia.ac.id', '0856483922', NULL, 25),
(22, 'Adita Dyah Asokawati', 'Akhwat', '2017-12-28', 'S.E', 'Bogor', 'adita@tazkia.ac.id', '08127384924', NULL, 26),
(23, 'Riyan Ariyandi', 'Ikhwan', '2017-12-08', 'S.Pd', 'Riau', 'riyan.ariyandi@tazkia.ac.id', '0812474829', NULL, 27),
(24, 'Rizqan Abadi', 'Ikhwan', '2017-12-22', 'S.Pd', 'Lombok', 'rizqan@tazkia.ac.id', '0857382844', NULL, 28),
(25, 'Sofi', 'Akhwat', '2017-12-11', 'S.Pd', 'Palembang', 'sofi@tazkia.ac.id', '0896473824', NULL, 29),
(26, 'Diva Azka Karimah', 'Akhwat', '2017-12-13', 'S.E', 'Jakarta', 'diva@tazkia.ac.id', '0812758382', NULL, 30),
(27, 'Nashrudin Al-Huda', 'Ikhwan', '2017-12-01', 'S.E', 'Semarang', 'huda@tazkia.ac.id', '0856738232', NULL, 31),
(28, 'Alfin', 'Ikhwan', '2017-12-16', 'S.E', 'Banten', 'alfin@tazkia.ac.id', '0856738283', NULL, 32);

-- --------------------------------------------------------

--
-- Table structure for table `planjut`
--

CREATE TABLE `planjut` (
  `id_planjut` int(11) NOT NULL,
  `id_psanksi` int(11) DEFAULT NULL,
  `nama_tindaklanjut` varchar(50) DEFAULT NULL,
  `level` int(1) DEFAULT NULL
) ENGINE=InnoDB DEFAULT CHARSET=latin1;

--
-- Dumping data for table `planjut`
--

INSERT INTO `planjut` (`id_planjut`, `id_psanksi`, `nama_tindaklanjut`, `level`) VALUES
(1, NULL, 'Diberikan nasehat', 1),
(2, 1, 'Barang disita', 2),
(3, NULL, 'Anulir 5% Nilai Pembinaan', 3),
(4, 2, 'Anulir 10% Nilai Pembinaan', 4),
(5, 2, 'Anulir 20% Nilai Pembinaan', 5),
(6, NULL, 'Anulir 30% Nilai Pembinaan', 6),
(7, NULL, 'Diskors', 7),
(8, 3, 'Anulir 1 Semester Nilai Pembinaan', 8),
(9, 3, 'Anulir 2 Semester Nilai Pembinaan', 9),
(10, 3, 'Drop out', 10);

-- --------------------------------------------------------

--
-- Table structure for table `pmain`
--

CREATE TABLE `pmain` (
  `id_pelanggaran` int(11) NOT NULL,
  `id_mhsbinaan` int(11) DEFAULT NULL,
  `id_pbentuk` int(11) DEFAULT NULL,
  `id_paksi` int(11) DEFAULT NULL,
  `id_psanksi` int(11) DEFAULT NULL,
  `id_planjut` int(11) DEFAULT NULL,
  `deskripsi` varchar(255) DEFAULT NULL,
  `tanggal` date DEFAULT NULL
) ENGINE=InnoDB DEFAULT CHARSET=latin1;

--
-- Dumping data for table `pmain`
--

INSERT INTO `pmain` (`id_pelanggaran`, `id_mhsbinaan`, `id_pbentuk`, `id_paksi`, `id_psanksi`, `id_planjut`, `deskripsi`, `tanggal`) VALUES
(1, 1, 1, 5, 3, 8, 'test', '2018-04-15'),
(2, 4, 2, 8, 3, 10, 'test', '2018-04-06');

-- --------------------------------------------------------

--
-- Table structure for table `psanksi`
--

CREATE TABLE `psanksi` (
  `id_psanksi` int(11) NOT NULL,
  `nama_sanksi` varchar(5) DEFAULT NULL,
  `bobot` varchar(20) DEFAULT NULL
) ENGINE=InnoDB DEFAULT CHARSET=latin1;

--
-- Dumping data for table `psanksi`
--

INSERT INTO `psanksi` (`id_psanksi`, `nama_sanksi`, `bobot`) VALUES
(1, 'SP 1', 'Ringan'),
(2, 'SP 2', 'Menengah'),
(3, 'SP 3', 'Berat');

-- --------------------------------------------------------

--
-- Table structure for table `shalat`
--

CREATE TABLE `shalat` (
  `id_mahasiswa` int(11) DEFAULT NULL,
  `tanggal` date DEFAULT NULL,
  `wkt_tapping` time DEFAULT NULL,
  `wkt_shalat` varchar(7) DEFAULT NULL
) ENGINE=InnoDB DEFAULT CHARSET=latin1;

--
-- Dumping data for table `shalat`
--

INSERT INTO `shalat` (`id_mahasiswa`, `tanggal`, `wkt_tapping`, `wkt_shalat`) VALUES
(1174, '2018-04-03', '03:42:59', 'ashar  '),
(1174, '2018-04-03', '06:26:17', 'maghrib'),
(1175, '2018-04-03', '05:13:45', 'shubuh '),
(1175, '2018-04-03', '12:21:37', 'dzuhur '),
(1175, '2018-04-03', '03:41:00', 'ashar  '),
(1175, '2018-04-03', '06:27:24', 'maghrib'),
(1175, '2018-04-03', '07:41:49', 'isya   '),
(1177, '2018-04-03', '12:22:52', 'dzuhur '),
(1177, '2018-04-03', '03:44:38', 'ashar  '),
(1177, '2018-04-03', '06:26:20', 'maghrib'),
(1177, '2018-04-03', '07:36:19', 'isya   '),
(1178, '2018-04-03', '12:20:46', 'dzuhur '),
(1178, '2018-04-03', '03:40:02', 'ashar  '),
(1178, '2018-04-03', '06:19:53', 'maghrib'),
(1178, '2018-04-03', '07:32:28', 'isya   '),
(1182, '2018-04-03', '05:08:49', 'shubuh '),
(1182, '2018-04-03', '12:21:59', 'dzuhur '),
(1182, '2018-04-03', '03:41:29', 'ashar  '),
(1182, '2018-04-03', '06:25:42', 'maghrib'),
(1182, '2018-04-03', '07:36:23', 'isya   '),
(1184, '2018-04-03', '05:07:13', 'shubuh '),
(1184, '2018-04-03', '12:22:42', 'dzuhur '),
(1184, '2018-04-03', '03:40:09', 'ashar  '),
(1184, '2018-04-03', '06:21:02', 'maghrib'),
(1184, '2018-04-03', '07:34:52', 'isya   '),
(1185, '2018-04-03', '05:09:37', 'shubuh '),
(1185, '2018-04-03', '12:23:59', 'dzuhur '),
(1185, '2018-04-03', '03:44:13', 'ashar  '),
(1185, '2018-04-03', '06:28:27', 'maghrib'),
(1185, '2018-04-03', '07:37:18', 'isya   '),
(1186, '2018-04-03', '05:08:39', 'shubuh '),
(1186, '2018-04-03', '12:21:57', 'dzuhur '),
(1186, '2018-04-03', '03:42:30', 'ashar  '),
(1186, '2018-04-03', '06:21:04', 'maghrib'),
(1186, '2018-04-03', '07:35:07', 'isya   '),
(1187, '2018-04-03', '05:08:14', 'shubuh '),
(1187, '2018-04-03', '12:21:05', 'dzuhur '),
(1187, '2018-04-03', '03:40:42', 'ashar  '),
(1187, '2018-04-03', '06:24:33', 'maghrib'),
(1187, '2018-04-03', '07:35:15', 'isya   '),
(1188, '2018-04-03', '12:24:37', 'dzuhur '),
(1189, '2018-04-03', '05:11:38', 'shubuh '),
(1189, '2018-04-03', '12:22:49', 'dzuhur '),
(1189, '2018-04-03', '03:42:32', 'ashar  '),
(1189, '2018-04-03', '06:27:55', 'maghrib'),
(1189, '2018-04-03', '07:40:18', 'isya   '),
(1190, '2018-04-03', '05:09:33', 'shubuh '),
(1190, '2018-04-03', '12:22:07', 'dzuhur '),
(1190, '2018-04-03', '03:41:50', 'ashar  '),
(1190, '2018-04-03', '06:26:08', 'maghrib'),
(1190, '2018-04-03', '07:36:54', 'isya   '),
(1191, '2018-04-03', '12:21:23', 'dzuhur '),
(1191, '2018-04-03', '03:41:07', 'ashar  '),
(1191, '2018-04-03', '06:20:49', 'maghrib'),
(1191, '2018-04-03', '07:33:48', 'isya   '),
(1198, '2018-04-03', '12:20:58', 'dzuhur '),
(1198, '2018-04-03', '03:41:19', 'ashar  '),
(1198, '2018-04-03', '06:18:38', 'maghrib'),
(1198, '2018-04-03', '07:33:53', 'isya   '),
(1199, '2018-04-03', '05:08:00', 'shubuh '),
(1199, '2018-04-03', '12:21:02', 'dzuhur '),
(1199, '2018-04-03', '03:40:45', 'ashar  '),
(1199, '2018-04-03', '06:24:43', 'maghrib'),
(1199, '2018-04-03', '07:35:19', 'isya   '),
(1200, '2018-04-03', '05:04:45', 'shubuh '),
(1200, '2018-04-03', '12:19:54', 'dzuhur '),
(1200, '2018-04-03', '03:40:48', 'ashar  '),
(1200, '2018-04-03', '06:21:46', 'maghrib'),
(1200, '2018-04-03', '07:30:33', 'isya   '),
(1203, '2018-04-03', '05:06:16', 'shubuh '),
(1203, '2018-04-03', '12:21:11', 'dzuhur '),
(1203, '2018-04-03', '03:38:55', 'ashar  '),
(1203, '2018-04-03', '06:19:29', 'maghrib'),
(1203, '2018-04-03', '07:31:35', 'isya   '),
(1204, '2018-04-03', '03:42:21', 'ashar  '),
(1204, '2018-04-03', '06:21:15', 'maghrib'),
(1204, '2018-04-03', '07:34:43', 'isya   '),
(1205, '2018-04-03', '12:21:16', 'dzuhur '),
(1205, '2018-04-03', '03:39:45', 'ashar  '),
(1205, '2018-04-03', '06:20:54', 'maghrib'),
(1205, '2018-04-03', '07:32:20', 'isya   '),
(1207, '2018-04-03', '05:05:20', 'shubuh '),
(1207, '2018-04-03', '03:42:33', 'ashar  '),
(1207, '2018-04-03', '06:21:38', 'maghrib'),
(1207, '2018-04-03', '07:33:04', 'isya   '),
(1210, '2018-04-03', '05:05:26', 'shubuh '),
(1210, '2018-04-03', '03:39:31', 'ashar  '),
(1210, '2018-04-03', '06:21:33', 'maghrib'),
(1210, '2018-04-03', '07:32:59', 'isya   '),
(1212, '2018-04-03', '07:37:27', 'isya   '),
(1214, '2018-04-03', '03:43:55', 'ashar  '),
(1214, '2018-04-03', '06:27:00', 'maghrib'),
(1214, '2018-04-03', '07:39:32', 'isya   '),
(1215, '2018-04-03', '05:10:55', 'shubuh '),
(1215, '2018-04-03', '12:22:58', 'dzuhur '),
(1215, '2018-04-03', '03:42:40', 'ashar  '),
(1215, '2018-04-03', '06:26:37', 'maghrib'),
(1215, '2018-04-03', '07:38:39', 'isya   '),
(1216, '2018-04-03', '05:07:46', 'shubuh '),
(1216, '2018-04-03', '03:38:25', 'ashar  '),
(1216, '2018-04-03', '06:21:28', 'maghrib'),
(1216, '2018-04-03', '07:30:29', 'isya   '),
(1219, '2018-04-03', '05:08:11', 'shubuh '),
(1219, '2018-04-03', '12:20:55', 'dzuhur '),
(1219, '2018-04-03', '03:40:50', 'ashar  '),
(1219, '2018-04-03', '06:24:38', 'maghrib'),
(1219, '2018-04-03', '07:35:11', 'isya   '),
(1220, '2018-04-03', '05:09:02', 'shubuh '),
(1220, '2018-04-03', '12:22:17', 'dzuhur '),
(1220, '2018-04-03', '03:42:54', 'ashar  '),
(1220, '2018-04-03', '06:21:10', 'maghrib'),
(1220, '2018-04-03', '07:35:24', 'isya   '),
(1221, '2018-04-03', '05:07:09', 'shubuh '),
(1221, '2018-04-03', '12:20:54', 'dzuhur '),
(1221, '2018-04-03', '03:42:46', 'ashar  '),
(1221, '2018-04-03', '06:19:20', 'maghrib'),
(1221, '2018-04-03', '07:32:41', 'isya   '),
(1225, '2018-04-03', '05:06:44', 'shubuh '),
(1225, '2018-04-03', '12:20:51', 'dzuhur '),
(1225, '2018-04-03', '03:39:35', 'ashar  '),
(1225, '2018-04-03', '06:19:57', 'maghrib'),
(1225, '2018-04-03', '07:32:44', 'isya   '),
(1227, '2018-04-03', '05:09:12', 'shubuh '),
(1227, '2018-04-03', '12:21:22', 'dzuhur '),
(1227, '2018-04-03', '03:41:19', 'ashar  '),
(1227, '2018-04-03', '06:25:16', 'maghrib'),
(1227, '2018-04-03', '07:35:53', 'isya   '),
(1228, '2018-04-03', '05:10:26', 'shubuh '),
(1228, '2018-04-03', '12:22:30', 'dzuhur '),
(1228, '2018-04-03', '03:43:33', 'ashar  '),
(1228, '2018-04-03', '07:39:10', 'isya   '),
(1230, '2018-04-03', '05:09:41', 'shubuh '),
(1230, '2018-04-03', '12:22:02', 'dzuhur '),
(1230, '2018-04-03', '03:42:36', 'ashar  '),
(1230, '2018-04-03', '06:29:23', 'maghrib'),
(1230, '2018-04-03', '07:40:20', 'isya   '),
(1231, '2018-04-03', '05:09:23', 'shubuh '),
(1231, '2018-04-03', '12:21:50', 'dzuhur '),
(1231, '2018-04-03', '03:40:37', 'ashar  '),
(1231, '2018-04-03', '06:26:00', 'maghrib'),
(1231, '2018-04-03', '07:36:35', 'isya   '),
(1236, '2018-04-03', '05:11:28', 'shubuh '),
(1236, '2018-04-03', '12:23:07', 'dzuhur '),
(1236, '2018-04-03', '03:43:58', 'ashar  '),
(1236, '2018-04-03', '06:28:01', 'maghrib'),
(1236, '2018-04-03', '07:40:31', 'isya   '),
(1237, '2018-04-03', '05:08:25', 'shubuh '),
(1237, '2018-04-03', '12:21:20', 'dzuhur '),
(1237, '2018-04-03', '03:39:57', 'ashar  '),
(1237, '2018-04-03', '06:19:35', 'maghrib'),
(1237, '2018-04-03', '07:32:10', 'isya   '),
(1239, '2018-04-03', '05:06:10', 'shubuh '),
(1239, '2018-04-03', '03:39:51', 'ashar  '),
(1239, '2018-04-03', '06:25:11', 'maghrib'),
(1239, '2018-04-03', '07:34:55', 'isya   '),
(1241, '2018-04-03', '05:10:38', 'shubuh '),
(1241, '2018-04-03', '12:22:19', 'dzuhur '),
(1242, '2018-04-03', '05:10:35', 'shubuh '),
(1242, '2018-04-03', '12:23:39', 'dzuhur '),
(1242, '2018-04-03', '03:43:04', 'ashar  '),
(1242, '2018-04-03', '06:26:32', 'maghrib'),
(1242, '2018-04-03', '07:39:37', 'isya   '),
(1243, '2018-04-03', '05:08:09', 'shubuh '),
(1243, '2018-04-03', '12:21:26', 'dzuhur '),
(1243, '2018-04-03', '03:39:39', 'ashar  '),
(1243, '2018-04-03', '06:20:27', 'maghrib'),
(1243, '2018-04-03', '07:31:14', 'isya   '),
(1246, '2018-04-03', '12:22:14', 'dzuhur '),
(1246, '2018-04-03', '03:41:13', 'ashar  '),
(1246, '2018-04-03', '06:21:12', 'maghrib'),
(1246, '2018-04-03', '07:34:30', 'isya   '),
(1248, '2018-04-03', '05:11:34', 'shubuh '),
(1248, '2018-04-03', '12:21:31', 'dzuhur '),
(1248, '2018-04-03', '03:41:15', 'ashar  '),
(1248, '2018-04-03', '06:26:51', 'maghrib'),
(1248, '2018-04-03', '07:37:49', 'isya   '),
(1250, '2018-04-03', '05:08:34', 'shubuh '),
(1250, '2018-04-03', '12:21:00', 'dzuhur '),
(1250, '2018-04-03', '03:41:55', 'ashar  '),
(1250, '2018-04-03', '06:19:49', 'maghrib'),
(1250, '2018-04-03', '07:31:56', 'isya   '),
(1251, '2018-04-03', '05:08:50', 'shubuh '),
(1251, '2018-04-03', '03:39:49', 'ashar  '),
(1251, '2018-04-03', '06:21:42', 'maghrib'),
(1251, '2018-04-03', '07:32:17', 'isya   '),
(1252, '2018-04-03', '05:04:53', 'shubuh '),
(1252, '2018-04-03', '12:23:30', 'dzuhur '),
(1252, '2018-04-03', '03:43:41', 'ashar  '),
(1252, '2018-04-03', '06:27:52', 'maghrib'),
(1252, '2018-04-03', '07:39:14', 'isya   '),
(1253, '2018-04-03', '05:10:03', 'shubuh '),
(1253, '2018-04-03', '12:21:40', 'dzuhur '),
(1253, '2018-04-03', '03:41:44', 'ashar  '),
(1253, '2018-04-03', '06:25:33', 'maghrib'),
(1253, '2018-04-03', '07:36:10', 'isya   '),
(1254, '2018-04-03', '05:08:06', 'shubuh '),
(1254, '2018-04-03', '06:20:06', 'maghrib'),
(1254, '2018-04-03', '07:31:28', 'isya   '),
(1256, '2018-04-03', '05:10:21', 'shubuh '),
(1256, '2018-04-03', '03:43:44', 'ashar  '),
(1256, '2018-04-03', '06:27:48', 'maghrib'),
(1256, '2018-04-03', '07:39:01', 'isya   '),
(1258, '2018-04-03', '05:07:16', 'shubuh '),
(1258, '2018-04-03', '12:21:03', 'dzuhur '),
(1260, '2018-04-03', '06:19:17', 'maghrib'),
(1260, '2018-04-03', '07:32:49', 'isya   '),
(1262, '2018-04-03', '05:06:20', 'shubuh '),
(1262, '2018-04-03', '12:21:13', 'dzuhur '),
(1262, '2018-04-03', '03:40:12', 'ashar  '),
(1262, '2018-04-03', '07:31:49', 'isya   '),
(1264, '2018-04-03', '05:10:47', 'shubuh '),
(1264, '2018-04-03', '12:23:44', 'dzuhur '),
(1264, '2018-04-03', '03:44:08', 'ashar  '),
(1264, '2018-04-03', '06:28:05', 'maghrib'),
(1264, '2018-04-03', '07:40:08', 'isya   '),
(1267, '2018-04-03', '12:24:06', 'dzuhur '),
(1267, '2018-04-03', '06:28:43', 'maghrib'),
(1269, '2018-04-03', '05:06:49', 'shubuh '),
(1269, '2018-04-03', '12:20:06', 'dzuhur '),
(1269, '2018-04-03', '03:41:36', 'ashar  '),
(1269, '2018-04-03', '06:20:32', 'maghrib'),
(1269, '2018-04-03', '07:32:06', 'isya   '),
(1270, '2018-04-03', '05:09:03', 'shubuh '),
(1270, '2018-04-03', '12:22:27', 'dzuhur '),
(1270, '2018-04-03', '03:42:25', 'ashar  '),
(1270, '2018-04-03', '06:26:17', 'maghrib'),
(1270, '2018-04-03', '07:39:07', 'isya   '),
(1271, '2018-04-03', '05:05:42', 'shubuh '),
(1271, '2018-04-03', '12:20:47', 'dzuhur '),
(1271, '2018-04-03', '03:40:35', 'ashar  '),
(1271, '2018-04-03', '06:19:25', 'maghrib'),
(1271, '2018-04-03', '07:31:24', 'isya   '),
(1274, '2018-04-03', '12:23:04', 'dzuhur '),
(1274, '2018-04-03', '03:43:19', 'ashar  '),
(1274, '2018-04-03', '06:25:38', 'maghrib'),
(1274, '2018-04-03', '07:35:29', 'isya   '),
(1277, '2018-04-03', '05:06:04', 'shubuh '),
(1277, '2018-04-03', '03:42:07', 'ashar  '),
(1277, '2018-04-03', '06:21:57', 'maghrib'),
(1277, '2018-04-03', '07:35:18', 'isya   '),
(1281, '2018-04-03', '05:09:58', 'shubuh '),
(1281, '2018-04-03', '12:22:33', 'dzuhur '),
(1281, '2018-04-03', '03:43:24', 'ashar  '),
(1281, '2018-04-03', '06:27:44', 'maghrib'),
(1281, '2018-04-03', '07:38:46', 'isya   '),
(1283, '2018-04-03', '12:24:25', 'dzuhur '),
(1283, '2018-04-03', '03:45:01', 'ashar  '),
(1283, '2018-04-03', '06:27:07', 'maghrib'),
(1283, '2018-04-03', '07:37:59', 'isya   '),
(1284, '2018-04-03', '12:22:23', 'dzuhur '),
(1284, '2018-04-03', '03:42:01', 'ashar  '),
(1284, '2018-04-03', '06:25:00', 'maghrib'),
(1284, '2018-04-03', '07:38:21', 'isya   '),
(1286, '2018-04-03', '06:27:03', 'maghrib'),
(1286, '2018-04-03', '07:37:54', 'isya   '),
(1287, '2018-04-03', '05:08:45', 'shubuh '),
(1287, '2018-04-03', '12:23:00', 'dzuhur '),
(1287, '2018-04-03', '03:41:59', 'ashar  '),
(1287, '2018-04-03', '06:20:15', 'maghrib'),
(1287, '2018-04-03', '07:31:53', 'isya   '),
(1288, '2018-04-03', '05:08:22', 'shubuh '),
(1288, '2018-04-03', '12:22:56', 'dzuhur '),
(1288, '2018-04-03', '03:42:11', 'ashar  '),
(1288, '2018-04-03', '06:19:05', 'maghrib'),
(1288, '2018-04-03', '07:34:02', 'isya   '),
(1289, '2018-04-03', '05:07:32', 'shubuh '),
(1289, '2018-04-03', '12:23:12', 'dzuhur '),
(1289, '2018-04-03', '03:39:22', 'ashar  '),
(1289, '2018-04-03', '06:22:46', 'maghrib'),
(1289, '2018-04-03', '07:32:36', 'isya   '),
(1290, '2018-04-03', '05:07:05', 'shubuh '),
(1290, '2018-04-03', '12:21:39', 'dzuhur '),
(1290, '2018-04-03', '03:39:08', 'ashar  '),
(1290, '2018-04-03', '06:19:13', 'maghrib'),
(1290, '2018-04-03', '07:32:56', 'isya   '),
(1292, '2018-04-03', '05:09:16', 'shubuh '),
(1292, '2018-04-03', '12:23:13', 'dzuhur '),
(1292, '2018-04-03', '03:43:00', 'ashar  '),
(1292, '2018-04-03', '06:28:10', 'maghrib'),
(1292, '2018-04-03', '07:37:01', 'isya   '),
(1293, '2018-04-03', '05:10:08', 'shubuh '),
(1293, '2018-04-03', '12:22:12', 'dzuhur '),
(1293, '2018-04-03', '03:40:34', 'ashar  '),
(1293, '2018-04-03', '06:26:05', 'maghrib'),
(1293, '2018-04-03', '07:36:50', 'isya   '),
(1294, '2018-04-03', '05:08:59', 'shubuh '),
(1294, '2018-04-03', '12:22:24', 'dzuhur '),
(1294, '2018-04-03', '03:42:58', 'ashar  '),
(1294, '2018-04-03', '06:21:08', 'maghrib'),
(1294, '2018-04-03', '07:35:21', 'isya   '),
(1295, '2018-04-03', '05:11:13', 'shubuh '),
(1295, '2018-04-03', '06:29:31', 'maghrib'),
(1295, '2018-04-03', '07:38:10', 'isya   '),
(1297, '2018-04-03', '05:08:04', 'shubuh '),
(1297, '2018-04-03', '12:25:23', 'dzuhur '),
(1297, '2018-04-03', '03:42:44', 'ashar  '),
(1297, '2018-04-03', '06:26:47', 'maghrib'),
(1297, '2018-04-03', '07:36:44', 'isya   '),
(1298, '2018-04-03', '12:20:00', 'dzuhur '),
(1298, '2018-04-03', '06:21:17', 'maghrib'),
(1298, '2018-04-03', '07:30:36', 'isya   '),
(1299, '2018-04-03', '05:09:09', 'shubuh '),
(1299, '2018-04-03', '12:22:41', 'dzuhur '),
(1299, '2018-04-03', '03:41:55', 'ashar  '),
(1299, '2018-04-03', '06:25:46', 'maghrib'),
(1299, '2018-04-03', '07:36:26', 'isya   '),
(1302, '2018-04-03', '05:08:54', 'shubuh '),
(1302, '2018-04-03', '12:21:46', 'dzuhur '),
(1302, '2018-04-03', '03:40:56', 'ashar  '),
(1302, '2018-04-03', '06:25:55', 'maghrib'),
(1302, '2018-04-03', '07:36:31', 'isya   '),
(1303, '2018-04-03', '05:07:49', 'shubuh '),
(1303, '2018-04-03', '12:21:55', 'dzuhur '),
(1303, '2018-04-03', '03:41:34', 'ashar  '),
(1303, '2018-04-03', '06:25:50', 'maghrib'),
(1303, '2018-04-03', '07:37:05', 'isya   '),
(1304, '2018-04-03', '05:05:57', 'shubuh '),
(1304, '2018-04-03', '12:22:52', 'dzuhur '),
(1304, '2018-04-03', '03:39:42', 'ashar  '),
(1304, '2018-04-03', '06:28:19', 'maghrib'),
(1305, '2018-04-03', '05:10:11', 'shubuh '),
(1305, '2018-04-03', '12:23:48', 'dzuhur '),
(1305, '2018-04-03', '03:43:14', 'ashar  '),
(1305, '2018-04-03', '06:24:55', 'maghrib'),
(1305, '2018-04-03', '07:35:33', 'isya   '),
(1306, '2018-04-03', '03:44:24', 'ashar  '),
(1306, '2018-04-03', '06:28:35', 'maghrib'),
(1306, '2018-04-03', '07:39:53', 'isya   '),
(1308, '2018-04-03', '05:11:43', 'shubuh '),
(1308, '2018-04-03', '12:21:03', 'dzuhur '),
(1308, '2018-04-03', '03:40:53', 'ashar  '),
(1308, '2018-04-03', '06:24:48', 'maghrib'),
(1308, '2018-04-03', '07:35:24', 'isya   '),
(1311, '2018-04-03', '05:05:03', 'shubuh '),
(1311, '2018-04-03', '12:21:51', 'dzuhur '),
(1311, '2018-04-03', '03:40:55', 'ashar  '),
(1311, '2018-04-03', '06:21:23', 'maghrib'),
(1312, '2018-04-03', '05:07:37', 'shubuh '),
(1312, '2018-04-03', '03:38:46', 'ashar  '),
(1312, '2018-04-03', '06:19:01', 'maghrib'),
(1312, '2018-04-03', '07:31:05', 'isya   '),
(1314, '2018-04-03', '05:08:15', 'shubuh '),
(1314, '2018-04-03', '03:42:26', 'ashar  '),
(1314, '2018-04-03', '06:20:00', 'maghrib'),
(1314, '2018-04-03', '07:31:59', 'isya   '),
(1315, '2018-04-03', '05:06:54', 'shubuh '),
(1315, '2018-04-03', '12:23:16', 'dzuhur '),
(1315, '2018-04-03', '03:39:12', 'ashar  '),
(1315, '2018-04-03', '06:19:38', 'maghrib'),
(1315, '2018-04-03', '07:35:03', 'isya   '),
(1316, '2018-04-03', '05:05:50', 'shubuh '),
(1316, '2018-04-03', '12:20:12', 'dzuhur '),
(1316, '2018-04-03', '03:39:02', 'ashar  '),
(1316, '2018-04-03', '06:19:09', 'maghrib'),
(1316, '2018-04-03', '07:31:18', 'isya   '),
(1317, '2018-04-03', '05:05:45', 'shubuh '),
(1317, '2018-04-03', '12:20:31', 'dzuhur '),
(1317, '2018-04-03', '03:40:06', 'ashar  '),
(1317, '2018-04-03', '06:19:43', 'maghrib'),
(1317, '2018-04-03', '07:31:42', 'isya   '),
(1318, '2018-04-03', '05:11:51', 'shubuh '),
(1318, '2018-04-03', '12:21:13', 'dzuhur '),
(1318, '2018-04-03', '03:42:29', 'ashar  '),
(1318, '2018-04-03', '06:25:13', 'maghrib'),
(1318, '2018-04-03', '07:37:09', 'isya   '),
(1319, '2018-04-03', '05:06:08', 'shubuh '),
(1319, '2018-04-03', '03:42:04', 'ashar  '),
(1319, '2018-04-03', '06:20:22', 'maghrib'),
(1319, '2018-04-03', '07:34:06', 'isya   '),
(1320, '2018-04-03', '05:07:51', 'shubuh '),
(1320, '2018-04-03', '12:20:22', 'dzuhur '),
(1320, '2018-04-03', '03:38:57', 'ashar  '),
(1320, '2018-04-03', '06:18:44', 'maghrib'),
(1320, '2018-04-03', '07:30:49', 'isya   '),
(1322, '2018-04-03', '06:26:27', 'maghrib'),
(1322, '2018-04-03', '07:37:46', 'isya   '),
(1323, '2018-04-03', '12:28:06', 'dzuhur '),
(1323, '2018-04-03', '03:42:51', 'ashar  '),
(1323, '2018-04-03', '06:24:14', 'maghrib'),
(1323, '2018-04-03', '07:31:09', 'isya   '),
(1325, '2018-04-03', '05:04:59', 'shubuh '),
(1325, '2018-04-03', '12:22:31', 'dzuhur '),
(1325, '2018-04-03', '03:41:03', 'ashar  '),
(1325, '2018-04-03', '06:18:31', 'maghrib'),
(1325, '2018-04-03', '07:33:29', 'isya   '),
(1326, '2018-04-03', '05:09:20', 'shubuh '),
(1326, '2018-04-03', '03:43:09', 'ashar  '),
(1326, '2018-04-03', '06:28:15', 'maghrib'),
(1326, '2018-04-03', '07:37:13', 'isya   '),
(1327, '2018-04-03', '05:08:44', 'shubuh '),
(1328, '2018-04-03', '05:04:49', 'shubuh '),
(1328, '2018-04-03', '12:21:32', 'dzuhur '),
(1329, '2018-04-03', '05:10:31', 'shubuh '),
(1329, '2018-04-03', '12:21:35', 'dzuhur '),
(1329, '2018-04-03', '03:43:51', 'ashar  '),
(1329, '2018-04-03', '06:26:12', 'maghrib'),
(1329, '2018-04-03', '07:39:23', 'isya   '),
(1330, '2018-04-03', '03:38:41', 'ashar  '),
(1330, '2018-04-03', '06:20:25', 'maghrib'),
(1330, '2018-04-03', '07:34:13', 'isya   '),
(1331, '2018-04-03', '05:08:19', 'shubuh '),
(1331, '2018-04-03', '12:20:39', 'dzuhur '),
(1331, '2018-04-03', '03:38:33', 'ashar  '),
(1331, '2018-04-03', '06:19:33', 'maghrib'),
(1331, '2018-04-03', '07:31:39', 'isya   '),
(1333, '2018-04-03', '05:06:24', 'shubuh '),
(1333, '2018-04-03', '12:20:28', 'dzuhur '),
(1333, '2018-04-03', '03:41:30', 'ashar  '),
(1333, '2018-04-03', '06:21:00', 'maghrib'),
(1333, '2018-04-03', '07:30:44', 'isya   '),
(1336, '2018-04-03', '05:08:34', 'shubuh '),
(1336, '2018-04-03', '12:23:18', 'dzuhur '),
(1336, '2018-04-03', '06:25:21', 'maghrib'),
(1336, '2018-04-03', '07:43:34', 'isya   '),
(1338, '2018-04-03', '05:07:57', 'shubuh '),
(1338, '2018-04-03', '12:21:48', 'dzuhur '),
(1338, '2018-04-03', '03:42:44', 'ashar  '),
(1338, '2018-04-03', '07:35:10', 'isya   '),
(1339, '2018-04-03', '12:22:36', 'dzuhur '),
(1339, '2018-04-03', '03:43:32', 'ashar  '),
(1339, '2018-04-03', '06:27:57', 'maghrib'),
(1340, '2018-04-03', '05:07:55', 'shubuh '),
(1340, '2018-04-03', '12:23:04', 'dzuhur '),
(1340, '2018-04-03', '03:41:09', 'ashar  '),
(1340, '2018-04-03', '06:20:51', 'maghrib'),
(1340, '2018-04-03', '07:33:45', 'isya   '),
(1341, '2018-04-03', '03:41:40', 'ashar  '),
(1341, '2018-04-03', '06:18:58', 'maghrib'),
(1341, '2018-04-03', '07:31:01', 'isya   '),
(1342, '2018-04-03', '12:21:36', 'dzuhur '),
(1342, '2018-04-03', '03:40:59', 'ashar  '),
(1342, '2018-04-03', '06:20:41', 'maghrib'),
(1342, '2018-04-03', '07:33:58', 'isya   '),
(1344, '2018-04-03', '06:21:49', 'maghrib'),
(1344, '2018-04-03', '07:30:40', 'isya   '),
(1345, '2018-04-03', '05:05:11', 'shubuh '),
(1345, '2018-04-03', '12:20:35', 'dzuhur '),
(1345, '2018-04-03', '03:39:17', 'ashar  '),
(1345, '2018-04-03', '06:21:54', 'maghrib'),
(1345, '2018-04-03', '07:33:22', 'isya   '),
(1346, '2018-04-03', '05:14:00', 'shubuh '),
(1346, '2018-04-03', '12:19:06', 'dzuhur '),
(1346, '2018-04-03', '03:40:31', 'ashar  '),
(1346, '2018-04-03', '06:23:25', 'maghrib'),
(1346, '2018-04-03', '07:37:48', 'isya   '),
(1347, '2018-04-03', '12:23:28', 'dzuhur '),
(1347, '2018-04-03', '07:43:28', 'isya   '),
(1348, '2018-04-03', '12:22:50', 'dzuhur '),
(1348, '2018-04-03', '03:42:21', 'ashar  '),
(1348, '2018-04-03', '07:42:42', 'isya   '),
(1349, '2018-04-03', '05:06:43', 'shubuh '),
(1349, '2018-04-03', '12:23:18', 'dzuhur '),
(1349, '2018-04-03', '03:36:58', 'ashar  '),
(1349, '2018-04-03', '06:27:11', 'maghrib'),
(1349, '2018-04-03', '07:42:10', 'isya   '),
(1351, '2018-04-03', '12:21:45', 'dzuhur '),
(1351, '2018-04-03', '03:42:40', 'ashar  '),
(1351, '2018-04-03', '06:23:50', 'maghrib'),
(1351, '2018-04-03', '07:35:28', 'isya   '),
(1352, '2018-04-03', '05:11:58', 'shubuh '),
(1352, '2018-04-03', '12:22:15', 'dzuhur '),
(1352, '2018-04-03', '06:29:21', 'maghrib'),
(1352, '2018-04-03', '07:43:07', 'isya   '),
(1353, '2018-04-03', '12:20:29', 'dzuhur '),
(1353, '2018-04-03', '03:38:23', 'ashar  '),
(1353, '2018-04-03', '06:24:40', 'maghrib'),
(1353, '2018-04-03', '07:39:29', 'isya   '),
(1354, '2018-04-03', '06:27:18', 'maghrib'),
(1354, '2018-04-03', '07:40:07', 'isya   '),
(1355, '2018-04-03', '05:12:31', 'shubuh '),
(1355, '2018-04-03', '12:21:27', 'dzuhur '),
(1355, '2018-04-03', '06:24:47', 'maghrib'),
(1355, '2018-04-03', '07:40:25', 'isya   '),
(1356, '2018-04-03', '05:09:57', 'shubuh '),
(1356, '2018-04-03', '12:22:31', 'dzuhur '),
(1356, '2018-04-03', '06:22:59', 'maghrib'),
(1356, '2018-04-03', '07:41:49', 'isya   '),
(1360, '2018-04-03', '05:13:15', 'shubuh '),
(1360, '2018-04-03', '12:25:05', 'dzuhur '),
(1360, '2018-04-03', '06:23:21', 'maghrib'),
(1360, '2018-04-03', '07:37:45', 'isya   '),
(1361, '2018-04-03', '05:10:51', 'shubuh '),
(1361, '2018-04-03', '12:20:32', 'dzuhur '),
(1361, '2018-04-03', '06:22:54', 'maghrib'),
(1361, '2018-04-03', '07:36:52', 'isya   '),
(1362, '2018-04-03', '12:21:25', 'dzuhur '),
(1362, '2018-04-03', '06:25:23', 'maghrib'),
(1362, '2018-04-03', '07:43:20', 'isya   '),
(1363, '2018-04-03', '06:27:49', 'maghrib'),
(1365, '2018-04-03', '05:09:19', 'shubuh '),
(1365, '2018-04-03', '12:22:45', 'dzuhur '),
(1365, '2018-04-03', '03:41:43', 'ashar  '),
(1365, '2018-04-03', '06:27:41', 'maghrib'),
(1365, '2018-04-03', '07:41:18', 'isya   '),
(1366, '2018-04-03', '12:22:28', 'dzuhur '),
(1366, '2018-04-03', '06:27:05', 'maghrib'),
(1366, '2018-04-03', '07:40:40', 'isya   '),
(1368, '2018-04-03', '05:11:54', 'shubuh '),
(1368, '2018-04-03', '12:22:21', 'dzuhur '),
(1368, '2018-04-03', '03:42:29', 'ashar  '),
(1368, '2018-04-03', '06:26:22', 'maghrib'),
(1368, '2018-04-03', '07:43:43', 'isya   '),
(1369, '2018-04-03', '05:06:59', 'shubuh '),
(1369, '2018-04-03', '12:18:42', 'dzuhur '),
(1369, '2018-04-03', '03:40:02', 'ashar  '),
(1369, '2018-04-03', '06:24:14', 'maghrib'),
(1369, '2018-04-03', '07:40:46', 'isya   '),
(1370, '2018-04-03', '05:07:53', 'shubuh '),
(1370, '2018-04-03', '12:19:35', 'dzuhur '),
(1370, '2018-04-03', '06:23:52', 'maghrib'),
(1370, '2018-04-03', '07:38:50', 'isya   '),
(1372, '2018-04-03', '05:07:43', 'shubuh '),
(1372, '2018-04-03', '12:20:37', 'dzuhur '),
(1372, '2018-04-03', '03:37:25', 'ashar  '),
(1372, '2018-04-03', '06:24:03', 'maghrib'),
(1372, '2018-04-03', '07:38:40', 'isya   '),
(1373, '2018-04-03', '12:20:07', 'dzuhur '),
(1373, '2018-04-03', '06:26:39', 'maghrib'),
(1373, '2018-04-03', '07:43:36', 'isya   '),
(1374, '2018-04-03', '05:11:36', 'shubuh '),
(1374, '2018-04-03', '12:20:35', 'dzuhur '),
(1374, '2018-04-03', '06:25:08', 'maghrib'),
(1374, '2018-04-03', '07:41:04', 'isya   '),
(1376, '2018-04-03', '12:21:56', 'dzuhur '),
(1376, '2018-04-03', '06:25:35', 'maghrib'),
(1376, '2018-04-03', '07:42:08', 'isya   '),
(1377, '2018-04-03', '05:09:10', 'shubuh '),
(1377, '2018-04-03', '12:20:56', 'dzuhur '),
(1377, '2018-04-03', '03:40:20', 'ashar  '),
(1377, '2018-04-03', '06:24:00', 'maghrib'),
(1377, '2018-04-03', '07:37:51', 'isya   '),
(1378, '2018-04-03', '05:10:53', 'shubuh '),
(1378, '2018-04-03', '12:21:41', 'dzuhur '),
(1378, '2018-04-03', '03:36:34', 'ashar  '),
(1378, '2018-04-03', '06:23:31', 'maghrib'),
(1378, '2018-04-03', '07:37:12', 'isya   '),
(1379, '2018-04-03', '12:21:18', 'dzuhur '),
(1379, '2018-04-03', '03:42:55', 'ashar  '),
(1379, '2018-04-03', '06:27:12', 'maghrib'),
(1379, '2018-04-03', '07:43:45', 'isya   '),
(1380, '2018-04-03', '05:12:35', 'shubuh '),
(1380, '2018-04-03', '03:42:43', 'ashar  '),
(1380, '2018-04-03', '06:26:01', 'maghrib'),
(1380, '2018-04-03', '07:42:02', 'isya   '),
(1381, '2018-04-03', '05:10:23', 'shubuh '),
(1381, '2018-04-03', '12:19:46', 'dzuhur '),
(1381, '2018-04-03', '06:23:11', 'maghrib'),
(1381, '2018-04-03', '07:37:40', 'isya   '),
(1382, '2018-04-03', '05:12:20', 'shubuh '),
(1382, '2018-04-03', '12:20:10', 'dzuhur '),
(1382, '2018-04-03', '06:25:03', 'maghrib'),
(1382, '2018-04-03', '07:39:12', 'isya   '),
(1383, '2018-04-03', '12:24:28', 'dzuhur '),
(1383, '2018-04-03', '03:39:00', 'ashar  '),
(1383, '2018-04-03', '07:40:37', 'isya   '),
(1384, '2018-04-03', '12:22:05', 'dzuhur '),
(1384, '2018-04-03', '03:37:33', 'ashar  '),
(1384, '2018-04-03', '06:25:48', 'maghrib'),
(1384, '2018-04-03', '07:43:06', 'isya   '),
(1385, '2018-04-03', '05:09:43', 'shubuh '),
(1385, '2018-04-03', '12:23:50', 'dzuhur '),
(1385, '2018-04-03', '06:26:56', 'maghrib'),
(1385, '2018-04-03', '07:38:35', 'isya   '),
(1386, '2018-04-03', '12:23:25', 'dzuhur '),
(1386, '2018-04-03', '06:28:36', 'maghrib'),
(1386, '2018-04-03', '07:40:13', 'isya   '),
(1387, '2018-04-03', '05:07:16', 'shubuh '),
(1387, '2018-04-03', '12:18:47', 'dzuhur '),
(1387, '2018-04-03', '03:39:08', 'ashar  '),
(1387, '2018-04-03', '06:23:53', 'maghrib'),
(1387, '2018-04-03', '07:37:54', 'isya   '),
(1388, '2018-04-03', '05:08:51', 'shubuh '),
(1388, '2018-04-03', '12:22:22', 'dzuhur '),
(1388, '2018-04-03', '03:39:23', 'ashar  '),
(1388, '2018-04-03', '06:26:28', 'maghrib'),
(1388, '2018-04-03', '07:40:17', 'isya   '),
(1389, '2018-04-03', '05:11:08', 'shubuh '),
(1389, '2018-04-03', '12:23:01', 'dzuhur '),
(1389, '2018-04-03', '03:39:37', 'ashar  '),
(1389, '2018-04-03', '06:24:59', 'maghrib'),
(1389, '2018-04-03', '07:39:05', 'isya   '),
(1390, '2018-04-03', '05:13:15', 'shubuh '),
(1390, '2018-04-03', '12:26:19', 'dzuhur '),
(1390, '2018-04-03', '06:26:19', 'maghrib'),
(1390, '2018-04-03', '07:42:35', 'isya   '),
(1391, '2018-04-03', '05:07:25', 'shubuh '),
(1391, '2018-04-03', '12:19:39', 'dzuhur '),
(1391, '2018-04-03', '06:23:55', 'maghrib'),
(1391, '2018-04-03', '07:38:46', 'isya   '),
(1392, '2018-04-03', '06:23:36', 'maghrib'),
(1392, '2018-04-03', '07:37:41', 'isya   '),
(1393, '2018-04-03', '05:12:43', 'shubuh '),
(1393, '2018-04-03', '12:23:14', 'dzuhur '),
(1393, '2018-04-03', '03:39:47', 'ashar  '),
(1393, '2018-04-03', '06:25:14', 'maghrib'),
(1393, '2018-04-03', '07:38:19', 'isya   '),
(1394, '2018-04-03', '12:21:17', 'dzuhur '),
(1394, '2018-04-03', '03:39:30', 'ashar  '),
(1394, '2018-04-03', '06:26:52', 'maghrib'),
(1394, '2018-04-03', '07:39:39', 'isya   '),
(1395, '2018-04-03', '05:11:13', 'shubuh '),
(1395, '2018-04-03', '03:42:04', 'ashar  '),
(1395, '2018-04-03', '06:25:02', 'maghrib'),
(1395, '2018-04-03', '07:42:00', 'isya   '),
(1396, '2018-04-03', '12:20:01', 'dzuhur '),
(1396, '2018-04-03', '06:24:31', 'maghrib'),
(1397, '2018-04-03', '05:08:46', 'shubuh '),
(1397, '2018-04-03', '12:19:31', 'dzuhur '),
(1397, '2018-04-03', '06:25:18', 'maghrib'),
(1397, '2018-04-03', '07:38:58', 'isya   '),
(1398, '2018-04-03', '12:18:45', 'dzuhur '),
(1398, '2018-04-03', '03:36:44', 'ashar  '),
(1398, '2018-04-03', '06:22:55', 'maghrib'),
(1398, '2018-04-03', '07:39:18', 'isya   '),
(1399, '2018-04-03', '05:09:49', 'shubuh '),
(1399, '2018-04-03', '12:20:03', 'dzuhur '),
(1399, '2018-04-03', '06:23:46', 'maghrib'),
(1399, '2018-04-03', '07:38:03', 'isya   '),
(1400, '2018-04-03', '12:21:23', 'dzuhur '),
(1400, '2018-04-03', '06:25:31', 'maghrib'),
(1400, '2018-04-03', '07:42:46', 'isya   '),
(1401, '2018-04-03', '12:23:01', 'dzuhur '),
(1402, '2018-04-03', '12:21:07', 'dzuhur '),
(1402, '2018-04-03', '06:24:18', 'maghrib'),
(1402, '2018-04-03', '07:39:04', 'isya   '),
(1403, '2018-04-03', '05:06:32', 'shubuh '),
(1403, '2018-04-03', '12:18:55', 'dzuhur '),
(1403, '2018-04-03', '03:36:49', 'ashar  '),
(1403, '2018-04-03', '06:23:40', 'maghrib'),
(1403, '2018-04-03', '07:41:09', 'isya   '),
(1404, '2018-04-03', '05:10:59', 'shubuh '),
(1404, '2018-04-03', '12:24:35', 'dzuhur '),
(1404, '2018-04-03', '06:28:07', 'maghrib'),
(1404, '2018-04-03', '07:42:31', 'isya   '),
(1405, '2018-04-03', '05:09:01', 'shubuh '),
(1405, '2018-04-03', '12:20:21', 'dzuhur '),
(1405, '2018-04-03', '03:39:03', 'ashar  '),
(1405, '2018-04-03', '06:24:57', 'maghrib'),
(1405, '2018-04-03', '07:39:13', 'isya   '),
(1406, '2018-04-03', '05:10:42', 'shubuh '),
(1406, '2018-04-03', '03:40:09', 'ashar  '),
(1406, '2018-04-03', '06:24:47', 'maghrib'),
(1406, '2018-04-03', '07:37:47', 'isya   '),
(1407, '2018-04-03', '05:11:25', 'shubuh '),
(1407, '2018-04-03', '03:41:31', 'ashar  '),
(1407, '2018-04-03', '06:27:39', 'maghrib'),
(1407, '2018-04-03', '07:40:32', 'isya   '),
(1408, '2018-04-03', '05:06:39', 'shubuh '),
(1408, '2018-04-03', '12:22:16', 'dzuhur '),
(1408, '2018-04-03', '03:37:03', 'ashar  '),
(1408, '2018-04-03', '06:27:52', 'maghrib'),
(1408, '2018-04-03', '07:42:54', 'isya   '),
(1410, '2018-04-03', '05:10:03', 'shubuh '),
(1410, '2018-04-03', '12:22:51', 'dzuhur '),
(1410, '2018-04-03', '06:25:13', 'maghrib'),
(1410, '2018-04-03', '07:39:59', 'isya   '),
(1411, '2018-04-03', '05:13:21', 'shubuh '),
(1411, '2018-04-03', '12:22:53', 'dzuhur '),
(1411, '2018-04-03', '03:40:50', 'ashar  '),
(1411, '2018-04-03', '06:25:05', 'maghrib'),
(1411, '2018-04-03', '07:37:28', 'isya   '),
(1412, '2018-04-03', '12:19:27', 'dzuhur '),
(1412, '2018-04-03', '03:41:27', 'ashar  '),
(1412, '2018-04-03', '06:25:38', 'maghrib'),
(1412, '2018-04-03', '07:42:43', 'isya   '),
(1413, '2018-04-03', '05:06:27', 'shubuh '),
(1413, '2018-04-03', '12:20:08', 'dzuhur '),
(1413, '2018-04-03', '06:26:16', 'maghrib'),
(1413, '2018-04-03', '07:36:48', 'isya   '),
(1414, '2018-04-03', '05:08:55', 'shubuh '),
(1414, '2018-04-03', '12:22:12', 'dzuhur '),
(1414, '2018-04-03', '06:26:40', 'maghrib'),
(1414, '2018-04-03', '07:43:50', 'isya   '),
(1415, '2018-04-03', '05:09:24', 'shubuh '),
(1415, '2018-04-03', '12:20:16', 'dzuhur '),
(1415, '2018-04-03', '06:25:00', 'maghrib'),
(1415, '2018-04-03', '07:36:57', 'isya   '),
(1416, '2018-04-03', '12:23:04', 'dzuhur '),
(1416, '2018-04-03', '07:40:05', 'isya   '),
(1417, '2018-04-03', '03:38:36', 'ashar  '),
(1417, '2018-04-03', '06:26:35', 'maghrib'),
(1418, '2018-04-03', '05:12:55', 'shubuh '),
(1418, '2018-04-03', '12:18:59', 'dzuhur '),
(1418, '2018-04-03', '03:36:54', 'ashar  '),
(1418, '2018-04-03', '06:23:13', 'maghrib'),
(1418, '2018-04-03', '07:36:54', 'isya   '),
(1419, '2018-04-03', '05:14:37', 'shubuh '),
(1419, '2018-04-03', '12:23:46', 'dzuhur '),
(1419, '2018-04-03', '06:28:07', 'maghrib'),
(1419, '2018-04-03', '07:42:49', 'isya   '),
(1420, '2018-04-03', '05:10:35', 'shubuh '),
(1420, '2018-04-03', '12:20:23', 'dzuhur '),
(1420, '2018-04-03', '03:39:42', 'ashar  '),
(1420, '2018-04-03', '06:23:16', 'maghrib'),
(1420, '2018-04-03', '07:38:55', 'isya   '),
(1421, '2018-04-03', '12:25:32', 'dzuhur '),
(1422, '2018-04-03', '05:09:29', 'shubuh '),
(1422, '2018-04-03', '06:23:05', 'maghrib'),
(1422, '2018-04-03', '07:43:11', 'isya   '),
(1423, '2018-04-03', '12:21:45', 'dzuhur '),
(1423, '2018-04-03', '06:26:01', 'maghrib'),
(1423, '2018-04-03', '07:38:26', 'isya   '),
(1424, '2018-04-03', '05:12:59', 'shubuh '),
(1424, '2018-04-03', '12:21:37', 'dzuhur '),
(1424, '2018-04-03', '03:37:51', 'ashar  '),
(1424, '2018-04-03', '06:26:07', 'maghrib'),
(1425, '2018-04-03', '12:23:36', 'dzuhur '),
(1425, '2018-04-03', '06:28:24', 'maghrib'),
(1425, '2018-04-03', '07:42:39', 'isya   '),
(1426, '2018-04-03', '12:21:08', 'dzuhur '),
(1427, '2018-04-03', '05:13:40', 'shubuh '),
(1427, '2018-04-03', '12:22:01', 'dzuhur '),
(1427, '2018-04-03', '03:42:10', 'ashar  '),
(1427, '2018-04-03', '06:27:47', 'maghrib'),
(1427, '2018-04-03', '07:43:20', 'isya   '),
(1428, '2018-04-03', '05:11:47', 'shubuh '),
(1428, '2018-04-03', '06:26:38', 'maghrib'),
(1429, '2018-04-03', '05:09:38', 'shubuh '),
(1429, '2018-04-03', '12:19:28', 'dzuhur '),
(1429, '2018-04-03', '03:37:37', 'ashar  '),
(1429, '2018-04-03', '06:24:02', 'maghrib'),
(1429, '2018-04-03', '07:38:05', 'isya   '),
(1430, '2018-04-03', '05:14:34', 'shubuh '),
(1430, '2018-04-03', '12:23:08', 'dzuhur '),
(1430, '2018-04-03', '06:25:07', 'maghrib'),
(1432, '2018-04-03', '05:07:37', 'shubuh '),
(1433, '2018-04-03', '05:06:56', 'shubuh '),
(1433, '2018-04-03', '12:19:31', 'dzuhur '),
(1433, '2018-04-03', '06:28:34', 'maghrib'),
(1433, '2018-04-03', '07:40:18', 'isya   '),
(1434, '2018-04-03', '05:09:54', 'shubuh '),
(1434, '2018-04-03', '12:21:58', 'dzuhur '),
(1434, '2018-04-03', '03:38:42', 'ashar  '),
(1434, '2018-04-03', '06:25:58', 'maghrib'),
(1434, '2018-04-03', '07:41:41', 'isya   '),
(1435, '2018-04-03', '05:09:26', 'shubuh '),
(1435, '2018-04-03', '12:19:02', 'dzuhur '),
(1435, '2018-04-03', '03:37:07', 'ashar  '),
(1435, '2018-04-03', '06:22:57', 'maghrib'),
(1435, '2018-04-03', '07:37:30', 'isya   '),
(1436, '2018-04-03', '05:09:14', 'shubuh '),
(1436, '2018-04-03', '12:19:21', 'dzuhur '),
(1436, '2018-04-03', '03:40:28', 'ashar  '),
(1436, '2018-04-03', '06:29:45', 'maghrib'),
(1436, '2018-04-03', '07:39:02', 'isya   '),
(1437, '2018-04-03', '05:09:33', 'shubuh '),
(1437, '2018-04-03', '12:18:53', 'dzuhur '),
(1437, '2018-04-03', '06:27:53', 'maghrib'),
(1437, '2018-04-03', '07:42:35', 'isya   '),
(1439, '2018-04-03', '05:13:03', 'shubuh '),
(1439, '2018-04-03', '12:26:00', 'dzuhur '),
(1439, '2018-04-03', '06:23:03', 'maghrib'),
(1439, '2018-04-03', '07:41:56', 'isya   '),
(1440, '2018-04-03', '05:08:30', 'shubuh '),
(1440, '2018-04-03', '12:21:26', 'dzuhur '),
(1440, '2018-04-03', '06:26:12', 'maghrib'),
(1440, '2018-04-03', '07:43:34', 'isya   '),
(1441, '2018-04-03', '05:12:51', 'shubuh '),
(1441, '2018-04-03', '12:21:36', 'dzuhur '),
(1441, '2018-04-03', '06:24:22', 'maghrib'),
(1441, '2018-04-03', '07:38:55', 'isya   '),
(1442, '2018-04-03', '05:12:40', 'shubuh '),
(1442, '2018-04-03', '12:19:24', 'dzuhur '),
(1443, '2018-04-03', '05:11:11', 'shubuh '),
(1443, '2018-04-03', '12:20:18', 'dzuhur '),
(1443, '2018-04-03', '03:37:44', 'ashar  '),
(1443, '2018-04-03', '06:24:11', 'maghrib'),
(1444, '2018-04-03', '05:14:30', 'shubuh '),
(1444, '2018-04-03', '12:23:02', 'dzuhur '),
(1444, '2018-04-03', '03:41:17', 'ashar  '),
(1444, '2018-04-03', '06:29:35', 'maghrib'),
(1444, '2018-04-03', '07:43:15', 'isya   '),
(1445, '2018-04-03', '05:10:42', 'shubuh '),
(1445, '2018-04-03', '12:23:41', 'dzuhur '),
(1445, '2018-04-03', '03:42:16', 'ashar  '),
(1445, '2018-04-03', '06:25:53', 'maghrib'),
(1445, '2018-04-03', '07:42:57', 'isya   '),
(1446, '2018-04-03', '12:21:52', 'dzuhur '),
(1446, '2018-04-03', '06:27:59', 'maghrib'),
(1446, '2018-04-03', '07:42:56', 'isya   '),
(1447, '2018-04-03', '05:07:45', 'shubuh '),
(1447, '2018-04-03', '12:22:26', 'dzuhur '),
(1447, '2018-04-03', '03:40:40', 'ashar  '),
(1447, '2018-04-03', '07:41:01', 'isya   '),
(1449, '2018-04-03', '05:11:09', 'shubuh '),
(1449, '2018-04-03', '12:25:41', 'dzuhur '),
(1449, '2018-04-03', '03:45:59', 'ashar  '),
(1449, '2018-04-03', '06:29:38', 'maghrib'),
(1450, '2018-04-03', '05:12:04', 'shubuh '),
(1450, '2018-04-03', '12:22:56', 'dzuhur '),
(1450, '2018-04-03', '06:25:32', 'maghrib'),
(1450, '2018-04-03', '07:41:36', 'isya   '),
(1451, '2018-04-03', '05:10:09', 'shubuh '),
(1451, '2018-04-03', '12:19:13', 'dzuhur '),
(1451, '2018-04-03', '03:40:48', 'ashar  '),
(1451, '2018-04-03', '06:25:19', 'maghrib'),
(1451, '2018-04-03', '07:40:10', 'isya   '),
(1452, '2018-04-03', '05:06:51', 'shubuh '),
(1452, '2018-04-03', '12:19:04', 'dzuhur '),
(1452, '2018-04-03', '03:37:13', 'ashar  '),
(1452, '2018-04-03', '06:24:05', 'maghrib'),
(1452, '2018-04-03', '07:38:30', 'isya   '),
(1453, '2018-04-03', '05:09:20', 'shubuh '),
(1453, '2018-04-03', '12:21:49', 'dzuhur '),
(1453, '2018-04-03', '06:28:02', 'maghrib'),
(1453, '2018-04-03', '07:39:55', 'isya   '),
(1454, '2018-04-03', '05:10:45', 'shubuh '),
(1454, '2018-04-03', '12:21:32', 'dzuhur '),
(1454, '2018-04-03', '06:27:55', 'maghrib'),
(1454, '2018-04-03', '07:39:52', 'isya   '),
(1455, '2018-04-03', '05:09:32', 'shubuh '),
(1455, '2018-04-03', '12:19:36', 'dzuhur '),
(1455, '2018-04-03', '03:38:07', 'ashar  '),
(1455, '2018-04-03', '06:24:53', 'maghrib'),
(1455, '2018-04-03', '07:37:33', 'isya   '),
(1456, '2018-04-03', '05:10:12', 'shubuh '),
(1456, '2018-04-03', '12:21:40', 'dzuhur '),
(1456, '2018-04-03', '03:40:55', 'ashar  '),
(1456, '2018-04-03', '06:26:49', 'maghrib'),
(1456, '2018-04-03', '07:43:31', 'isya   '),
(1457, '2018-04-03', '12:21:05', 'dzuhur '),
(1457, '2018-04-03', '06:26:32', 'maghrib'),
(1457, '2018-04-03', '07:42:03', 'isya   '),
(1458, '2018-04-03', '05:10:28', 'shubuh '),
(1458, '2018-04-03', '12:29:41', 'dzuhur '),
(1458, '2018-04-03', '06:29:18', 'maghrib'),
(1458, '2018-04-03', '07:40:03', 'isya   '),
(1459, '2018-04-03', '05:08:19', 'shubuh '),
(1459, '2018-04-03', '12:19:09', 'dzuhur '),
(1459, '2018-04-03', '06:26:35', 'maghrib'),
(1459, '2018-04-03', '07:41:19', 'isya   '),
(1461, '2018-04-03', '05:13:53', 'shubuh '),
(1461, '2018-04-03', '12:20:16', 'dzuhur '),
(1461, '2018-04-03', '06:26:07', 'maghrib'),
(1461, '2018-04-03', '07:40:44', 'isya   '),
(1462, '2018-04-03', '05:10:31', 'shubuh '),
(1462, '2018-04-03', '12:21:13', 'dzuhur '),
(1462, '2018-04-03', '03:42:49', 'ashar  '),
(1462, '2018-04-03', '06:26:13', 'maghrib'),
(1462, '2018-04-03', '07:42:06', 'isya   '),
(1463, '2018-04-03', '05:08:39', 'shubuh '),
(1463, '2018-04-03', '12:23:38', 'dzuhur '),
(1463, '2018-04-03', '06:25:58', 'maghrib'),
(1463, '2018-04-03', '07:40:50', 'isya   '),
(1464, '2018-04-03', '05:09:06', 'shubuh '),
(1464, '2018-04-03', '12:21:19', 'dzuhur '),
(1464, '2018-04-03', '03:41:36', 'ashar  '),
(1464, '2018-04-03', '06:26:24', 'maghrib'),
(1464, '2018-04-03', '07:39:35', 'isya   '),
(1465, '2018-04-03', '05:10:48', 'shubuh '),
(1465, '2018-04-03', '12:19:19', 'dzuhur '),
(1465, '2018-04-03', '06:27:07', 'maghrib'),
(1465, '2018-04-03', '07:43:13', 'isya   '),
(1466, '2018-04-03', '03:41:47', 'ashar  '),
(1466, '2018-04-03', '06:27:56', 'maghrib'),
(1466, '2018-04-03', '07:42:22', 'isya   '),
(1467, '2018-04-03', '05:10:05', 'shubuh '),
(1467, '2018-04-03', '12:20:24', 'dzuhur '),
(1467, '2018-04-03', '06:25:44', 'maghrib'),
(1467, '2018-04-03', '07:38:34', 'isya   '),
(1468, '2018-04-03', '06:27:00', 'maghrib'),
(1468, '2018-04-03', '07:43:31', 'isya   '),
(1469, '2018-04-03', '05:14:04', 'shubuh '),
(1469, '2018-04-03', '12:20:06', 'dzuhur '),
(1469, '2018-04-03', '03:42:00', 'ashar  '),
(1469, '2018-04-03', '06:28:05', 'maghrib'),
(1469, '2018-04-03', '07:42:18', 'isya   '),
(1471, '2018-04-03', '05:10:36', 'shubuh '),
(1471, '2018-04-03', '12:21:33', 'dzuhur '),
(1471, '2018-04-03', '06:25:41', 'maghrib'),
(1471, '2018-04-03', '07:40:50', 'isya   '),
(1472, '2018-04-03', '05:06:20', 'shubuh '),
(1472, '2018-04-03', '12:19:41', 'dzuhur '),
(1472, '2018-04-03', '06:22:49', 'maghrib'),
(1472, '2018-04-03', '07:37:01', 'isya   '),
(1473, '2018-04-03', '05:07:34', 'shubuh '),
(1473, '2018-04-03', '12:20:51', 'dzuhur '),
(1473, '2018-04-03', '06:27:15', 'maghrib'),
(1473, '2018-04-03', '07:37:56', 'isya   '),
(1475, '2018-04-03', '12:21:29', 'dzuhur '),
(1475, '2018-04-03', '06:28:42', 'maghrib'),
(1475, '2018-04-03', '07:43:00', 'isya   '),
(1477, '2018-04-03', '05:13:38', 'shubuh '),
(1477, '2018-04-03', '12:21:00', 'dzuhur '),
(1477, '2018-04-03', '03:39:57', 'ashar  '),
(1477, '2018-04-03', '06:24:22', 'maghrib'),
(1477, '2018-04-03', '07:39:31', 'isya   '),
(1478, '2018-04-03', '12:22:47', 'dzuhur '),
(1478, '2018-04-03', '06:25:41', 'maghrib'),
(1478, '2018-04-03', '07:39:26', 'isya   '),
(1479, '2018-04-03', '06:28:04', 'maghrib'),
(1479, '2018-04-03', '07:44:07', 'isya   '),
(1480, '2018-04-03', '05:09:52', 'shubuh '),
(1480, '2018-04-03', '12:20:02', 'dzuhur '),
(1480, '2018-04-03', '03:36:38', 'ashar  '),
(1480, '2018-04-03', '06:24:40', 'maghrib'),
(1480, '2018-04-03', '07:36:45', 'isya   '),
(1482, '2018-04-03', '05:08:23', 'shubuh '),
(1482, '2018-04-03', '12:24:57', 'dzuhur '),
(1482, '2018-04-03', '07:39:43', 'isya   '),
(1483, '2018-04-03', '03:42:37', 'ashar  '),
(1483, '2018-04-03', '07:42:50', 'isya   '),
(1484, '2018-04-03', '05:10:17', 'shubuh '),
(1484, '2018-04-03', '12:23:57', 'dzuhur '),
(1484, '2018-04-03', '03:41:14', 'ashar  '),
(1484, '2018-04-03', '06:25:26', 'maghrib'),
(1484, '2018-04-03', '07:39:47', 'isya   '),
(1486, '2018-04-03', '05:11:47', 'shubuh '),
(1486, '2018-04-03', '12:23:06', 'dzuhur '),
(1486, '2018-04-03', '06:28:09', 'maghrib'),
(1486, '2018-04-03', '07:41:11', 'isya   '),
(1487, '2018-04-03', '05:07:10', 'shubuh '),
(1487, '2018-04-03', '12:20:30', 'dzuhur '),
(1487, '2018-04-03', '06:26:51', 'maghrib'),
(1487, '2018-04-03', '07:38:30', 'isya   '),
(1488, '2018-04-03', '05:09:04', 'shubuh '),
(1488, '2018-04-03', '12:19:48', 'dzuhur '),
(1488, '2018-04-03', '06:27:03', 'maghrib'),
(1488, '2018-04-03', '07:40:55', 'isya   '),
(1489, '2018-04-03', '12:22:10', 'dzuhur '),
(1489, '2018-04-03', '03:40:13', 'ashar  '),
(1489, '2018-04-03', '06:24:25', 'maghrib'),
(1489, '2018-04-03', '07:41:00', 'isya   '),
(1490, '2018-04-03', '05:10:53', 'shubuh '),
(1490, '2018-04-03', '12:24:54', 'dzuhur '),
(1490, '2018-04-03', '06:27:32', 'maghrib'),
(1490, '2018-04-03', '07:41:45', 'isya   '),
(1491, '2018-04-03', '05:11:50', 'shubuh '),
(1491, '2018-04-03', '06:28:53', 'maghrib'),
(1491, '2018-04-03', '07:41:34', 'isya   '),
(1492, '2018-04-03', '05:11:42', 'shubuh '),
(1492, '2018-04-03', '12:21:49', 'dzuhur '),
(1492, '2018-04-03', '03:38:49', 'ashar  '),
(1492, '2018-04-03', '06:23:50', 'maghrib'),
(1492, '2018-04-03', '07:39:17', 'isya   '),
(1493, '2018-04-03', '05:11:03', 'shubuh '),
(1493, '2018-04-03', '12:23:53', 'dzuhur '),
(1493, '2018-04-03', '06:29:16', 'maghrib'),
(1493, '2018-04-03', '07:39:35', 'isya   '),
(1494, '2018-04-03', '05:13:07', 'shubuh '),
(1494, '2018-04-03', '12:25:50', 'dzuhur '),
(1494, '2018-04-03', '03:45:49', 'ashar  '),
(1494, '2018-04-03', '06:29:28', 'maghrib'),
(1494, '2018-04-03', '07:35:54', 'isya   '),
(1495, '2018-04-03', '06:24:41', 'maghrib'),
(1495, '2018-04-03', '07:43:22', 'isya   '),
(1496, '2018-04-03', '12:22:56', 'dzuhur '),
(1496, '2018-04-03', '03:38:33', 'ashar  '),
(1496, '2018-04-03', '06:25:27', 'maghrib'),
(1496, '2018-04-03', '07:40:29', 'isya   '),
(1497, '2018-04-03', '05:09:14', 'shubuh '),
(1497, '2018-04-03', '12:19:09', 'dzuhur '),
(1497, '2018-04-03', '03:37:11', 'ashar  '),
(1497, '2018-04-03', '06:24:45', 'maghrib'),
(1497, '2018-04-03', '07:37:23', 'isya   '),
(1498, '2018-04-03', '05:11:54', 'shubuh '),
(1498, '2018-04-03', '12:23:54', 'dzuhur '),
(1498, '2018-04-03', '03:43:03', 'ashar  '),
(1498, '2018-04-03', '06:26:42', 'maghrib'),
(1498, '2018-04-03', '07:41:08', 'isya   '),
(1499, '2018-04-03', '12:23:45', 'dzuhur '),
(1500, '2018-04-03', '05:07:29', 'shubuh '),
(1500, '2018-04-03', '12:23:17', 'dzuhur '),
(1500, '2018-04-03', '06:27:59', 'maghrib'),
(1500, '2018-04-03', '07:40:04', 'isya   '),
(1501, '2018-04-03', '05:11:18', 'shubuh '),
(1501, '2018-04-03', '03:39:18', 'ashar  '),
(1501, '2018-04-03', '06:26:45', 'maghrib'),
(1501, '2018-04-03', '07:41:31', 'isya   '),
(1502, '2018-04-03', '05:10:02', 'shubuh '),
(1504, '2018-04-03', '05:10:21', 'shubuh '),
(1504, '2018-04-03', '12:22:43', 'dzuhur '),
(1504, '2018-04-03', '06:26:48', 'maghrib'),
(2029, '2018-04-03', '05:13:50', 'shubuh '),
(2029, '2018-04-03', '12:21:02', 'dzuhur '),
(2029, '2018-04-03', '06:23:03', 'maghrib'),
(2029, '2018-04-03', '07:38:00', 'isya   '),
(2030, '2018-04-03', '05:10:16', 'shubuh '),
(2030, '2018-04-03', '12:19:06', 'dzuhur '),
(2030, '2018-04-03', '06:23:08', 'maghrib'),
(2030, '2018-04-03', '07:40:38', 'isya   '),
(2031, '2018-04-03', '05:06:36', 'shubuh '),
(2031, '2018-04-03', '12:19:24', 'dzuhur '),
(2031, '2018-04-03', '06:24:16', 'maghrib'),
(2031, '2018-04-03', '07:38:47', 'isya   '),
(2032, '2018-04-03', '05:11:14', 'shubuh '),
(2032, '2018-04-03', '12:19:14', 'dzuhur '),
(2032, '2018-04-03', '06:24:26', 'maghrib'),
(2032, '2018-04-03', '07:38:42', 'isya   '),
(2033, '2018-04-03', '05:09:37', 'shubuh '),
(2033, '2018-04-03', '12:22:40', 'dzuhur '),
(2033, '2018-04-03', '06:23:13', 'maghrib'),
(2033, '2018-04-03', '07:38:12', 'isya   '),
(2034, '2018-04-03', '05:07:57', 'shubuh '),
(2034, '2018-04-03', '12:20:40', 'dzuhur '),
(2034, '2018-04-03', '06:24:05', 'maghrib'),
(2034, '2018-04-03', '07:38:09', 'isya   '),
(2035, '2018-04-03', '05:10:28', 'shubuh '),
(2035, '2018-04-03', '12:19:44', 'dzuhur '),
(2035, '2018-04-03', '03:37:57', 'ashar  '),
(2035, '2018-04-03', '06:24:19', 'maghrib'),
(2035, '2018-04-03', '07:39:42', 'isya   '),
(2036, '2018-04-03', '05:09:41', 'shubuh '),
(2036, '2018-04-03', '12:19:12', 'dzuhur '),
(2036, '2018-04-03', '06:23:44', 'maghrib'),
(2036, '2018-04-03', '07:39:08', 'isya   '),
(2037, '2018-04-03', '05:12:31', 'shubuh '),
(2037, '2018-04-03', '12:23:12', 'dzuhur '),
(2037, '2018-04-03', '06:24:51', 'maghrib'),
(2037, '2018-04-03', '07:39:46', 'isya   '),
(2038, '2018-04-03', '12:19:54', 'dzuhur '),
(2038, '2018-04-03', '03:38:01', 'ashar  '),
(2038, '2018-04-03', '06:23:31', 'maghrib'),
(2038, '2018-04-03', '07:38:17', 'isya   '),
(2039, '2018-04-03', '05:07:05', 'shubuh '),
(2039, '2018-04-03', '03:37:48', 'ashar  '),
(2039, '2018-04-03', '06:23:34', 'maghrib'),
(2039, '2018-04-03', '07:37:36', 'isya   '),
(2040, '2018-04-03', '05:11:22', 'shubuh '),
(2040, '2018-04-03', '12:23:24', 'dzuhur '),
(2040, '2018-04-03', '06:28:17', 'maghrib'),
(2040, '2018-04-03', '07:40:22', 'isya   '),
(2041, '2018-04-03', '05:13:58', 'shubuh '),
(2041, '2018-04-03', '12:23:06', 'dzuhur '),
(2041, '2018-04-03', '03:40:22', 'ashar  '),
(2041, '2018-04-03', '06:23:24', 'maghrib'),
(2041, '2018-04-03', '07:40:58', 'isya   '),
(2042, '2018-04-03', '05:12:11', 'shubuh '),
(2042, '2018-04-03', '12:19:19', 'dzuhur '),
(2042, '2018-04-03', '03:37:19', 'ashar  '),
(2042, '2018-04-03', '06:23:17', 'maghrib'),
(2042, '2018-04-03', '07:41:15', 'isya   '),
(2043, '2018-04-03', '05:09:47', 'shubuh '),
(2043, '2018-04-03', '12:28:35', 'dzuhur '),
(2043, '2018-04-03', '06:23:28', 'maghrib'),
(2043, '2018-04-03', '07:38:39', 'isya   '),
(2044, '2018-04-03', '05:09:58', 'shubuh '),
(2044, '2018-04-03', '12:19:40', 'dzuhur '),
(2044, '2018-04-03', '03:42:40', 'ashar  '),
(2044, '2018-04-03', '06:26:59', 'maghrib'),
(2044, '2018-04-03', '07:37:09', 'isya   '),
(2045, '2018-04-03', '05:06:15', 'shubuh '),
(2045, '2018-04-03', '12:23:26', 'dzuhur '),
(2045, '2018-04-03', '06:26:23', 'maghrib'),
(2045, '2018-04-03', '07:41:40', 'isya   '),
(2046, '2018-04-03', '05:12:27', 'shubuh '),
(2046, '2018-04-03', '12:19:57', 'dzuhur '),
(2046, '2018-04-03', '06:26:19', 'maghrib'),
(2046, '2018-04-03', '07:38:02', 'isya   '),
(2047, '2018-04-03', '05:08:11', 'shubuh '),
(2047, '2018-04-03', '12:23:31', 'dzuhur '),
(2047, '2018-04-03', '06:25:52', 'maghrib'),
(2047, '2018-04-03', '07:38:21', 'isya   '),
(2048, '2018-04-03', '05:11:00', 'shubuh '),
(2048, '2018-04-03', '12:20:47', 'dzuhur '),
(2048, '2018-04-03', '06:24:09', 'maghrib'),
(2048, '2018-04-03', '07:37:07', 'isya   '),
(2051, '2018-04-03', '05:12:38', 'shubuh '),
(2051, '2018-04-03', '12:20:56', 'dzuhur '),
(2051, '2018-04-03', '06:25:46', 'maghrib'),
(2051, '2018-04-03', '07:40:53', 'isya   '),
(2053, '2018-04-03', '05:08:31', 'shubuh '),
(2053, '2018-04-03', '12:24:15', 'dzuhur '),
(2053, '2018-04-03', '03:42:56', 'ashar  '),
(2053, '2018-04-03', '06:27:33', 'maghrib'),
(2053, '2018-04-03', '07:35:41', 'isya   '),
(2055, '2018-04-03', '03:40:44', 'ashar  '),
(2055, '2018-04-03', '06:20:46', 'maghrib'),
(2055, '2018-04-03', '07:35:00', 'isya   '),
(2056, '2018-04-03', '05:06:58', 'shubuh '),
(2057, '2018-04-03', '05:07:01', 'shubuh '),
(2057, '2018-04-03', '12:21:08', 'dzuhur '),
(2057, '2018-04-03', '03:40:39', 'ashar  '),
(2057, '2018-04-03', '06:20:44', 'maghrib'),
(2057, '2018-04-03', '07:33:18', 'isya   '),
(2059, '2018-04-03', '12:20:16', 'dzuhur '),
(2059, '2018-04-03', '03:38:50', 'ashar  '),
(2059, '2018-04-03', '06:18:53', 'maghrib'),
(2059, '2018-04-03', '07:30:57', 'isya   '),
(2060, '2018-04-03', '05:10:07', 'shubuh '),
(2060, '2018-04-03', '12:22:08', 'dzuhur '),
(2060, '2018-04-03', '03:41:49', 'ashar  '),
(2060, '2018-04-03', '06:19:47', 'maghrib'),
(2060, '2018-04-03', '07:34:18', 'isya   '),
(2061, '2018-04-03', '05:10:42', 'shubuh '),
(2061, '2018-04-03', '12:23:16', 'dzuhur '),
(2061, '2018-04-03', '03:42:07', 'ashar  '),
(2061, '2018-04-03', '06:25:19', 'maghrib'),
(2061, '2018-04-03', '07:35:58', 'isya   '),
(2062, '2018-04-03', '05:08:22', 'shubuh '),
(2062, '2018-04-03', '12:23:23', 'dzuhur '),
(2062, '2018-04-03', '03:42:48', 'ashar  '),
(2062, '2018-04-03', '06:27:10', 'maghrib'),
(2062, '2018-04-03', '07:39:19', 'isya   '),
(2063, '2018-04-03', '05:11:04', 'shubuh '),
(2063, '2018-04-03', '12:20:47', 'dzuhur '),
(2063, '2018-04-03', '03:42:16', 'ashar  '),
(2063, '2018-04-03', '06:27:17', 'maghrib'),
(2063, '2018-04-03', '07:38:31', 'isya   '),
(2064, '2018-04-03', '12:23:34', 'dzuhur '),
(2064, '2018-04-03', '03:44:04', 'ashar  '),
(2064, '2018-04-03', '06:26:55', 'maghrib'),
(2064, '2018-04-03', '07:39:42', 'isya   '),
(2065, '2018-04-03', '05:10:16', 'shubuh '),
(2065, '2018-04-03', '12:24:21', 'dzuhur '),
(2065, '2018-04-03', '03:41:23', 'ashar  '),
(2065, '2018-04-03', '06:24:51', 'maghrib'),
(2065, '2018-04-03', '07:36:15', 'isya   '),
(2067, '2018-04-03', '05:07:22', 'shubuh '),
(2068, '2018-04-03', '05:05:30', 'shubuh '),
(2068, '2018-04-03', '12:22:44', 'dzuhur '),
(2068, '2018-04-03', '03:39:27', 'ashar  '),
(2068, '2018-04-03', '06:25:07', 'maghrib'),
(2068, '2018-04-03', '07:35:44', 'isya   '),
(2069, '2018-04-03', '05:07:43', 'shubuh '),
(2069, '2018-04-03', '12:19:48', 'dzuhur '),
(2069, '2018-04-03', '03:43:04', 'ashar  '),
(2069, '2018-04-03', '06:20:38', 'maghrib'),
(2069, '2018-04-03', '07:33:08', 'isya   '),
(2070, '2018-04-03', '05:07:47', 'shubuh '),
(2070, '2018-04-03', '12:22:45', 'dzuhur '),
(2070, '2018-04-03', '03:44:34', 'ashar  '),
(2070, '2018-04-03', '06:28:24', 'maghrib'),
(2070, '2018-04-03', '07:37:32', 'isya   '),
(2071, '2018-04-03', '12:23:08', 'dzuhur '),
(2071, '2018-04-03', '03:40:25', 'ashar  '),
(2071, '2018-04-03', '06:21:20', 'maghrib'),
(2071, '2018-04-03', '07:33:41', 'isya   '),
(2072, '2018-04-03', '05:09:28', 'shubuh '),
(2072, '2018-04-03', '12:21:16', 'dzuhur '),
(2072, '2018-04-03', '03:40:58', 'ashar  '),
(2072, '2018-04-03', '06:26:44', 'maghrib'),
(2072, '2018-04-03', '07:35:47', 'isya   '),
(2075, '2018-04-03', '05:08:35', 'shubuh '),
(2075, '2018-04-03', '12:21:25', 'dzuhur '),
(2075, '2018-04-03', '03:41:04', 'ashar  '),
(2075, '2018-04-03', '06:26:23', 'maghrib'),
(2075, '2018-04-03', '07:38:04', 'isya   '),
(2076, '2018-04-03', '05:08:31', 'shubuh '),
(2076, '2018-04-03', '12:20:09', 'dzuhur '),
(2076, '2018-04-03', '03:40:17', 'ashar  '),
(2076, '2018-04-03', '06:18:50', 'maghrib'),
(2076, '2018-04-03', '07:37:34', 'isya   '),
(2077, '2018-04-03', '05:11:47', 'shubuh '),
(2077, '2018-04-03', '12:21:18', 'dzuhur '),
(2077, '2018-04-03', '03:41:39', 'ashar  '),
(2077, '2018-04-03', '06:25:25', 'maghrib'),
(2077, '2018-04-03', '07:36:03', 'isya   '),
(2079, '2018-04-03', '05:08:26', 'shubuh '),
(2079, '2018-04-03', '12:21:28', 'dzuhur '),
(2079, '2018-04-03', '03:41:09', 'ashar  '),
(2079, '2018-04-03', '06:25:10', 'maghrib'),
(2079, '2018-04-03', '07:35:50', 'isya   '),
(2080, '2018-04-03', '05:08:39', 'shubuh '),
(2080, '2018-04-03', '12:22:15', 'dzuhur '),
(2080, '2018-04-03', '03:40:39', 'ashar  '),
(2080, '2018-04-03', '06:25:03', 'maghrib'),
(2080, '2018-04-03', '07:35:36', 'isya   '),
(2082, '2018-04-03', '05:08:58', 'shubuh '),
(2082, '2018-04-03', '12:23:10', 'dzuhur ');
INSERT INTO `shalat` (`id_mahasiswa`, `tanggal`, `wkt_tapping`, `wkt_shalat`) VALUES
(2082, '2018-04-03', '03:42:52', 'ashar  '),
(2082, '2018-04-03', '06:26:40', 'maghrib'),
(2082, '2018-04-03', '07:39:27', 'isya   '),
(2083, '2018-04-03', '05:12:03', 'shubuh '),
(2083, '2018-04-03', '12:19:54', 'dzuhur '),
(2083, '2018-04-03', '03:37:16', 'ashar  '),
(2083, '2018-04-03', '06:24:36', 'maghrib'),
(2083, '2018-04-03', '07:41:23', 'isya   ');

-- --------------------------------------------------------

--
-- Table structure for table `users`
--

CREATE TABLE `users` (
  `id_user` int(11) NOT NULL,
  `username` varchar(30) NOT NULL,
  `password` varchar(50) NOT NULL,
  `password_default` int(1) NOT NULL,
  `level` int(11) NOT NULL,
  `last_login` datetime NOT NULL
) ENGINE=InnoDB DEFAULT CHARSET=latin1;

--
-- Dumping data for table `users`
--

INSERT INTO `users` (`id_user`, `username`, `password`, `password_default`, `level`, `last_login`) VALUES
(1, 'admin', 'admin', 0, 0, '2018-04-22 19:50:16'),
(2, 'derry', 'bismillah', 0, 2, '2018-04-22 19:33:16'),
(21, 'bintang', 'bintang123', 0, 3, '2018-03-12 08:11:09'),
(22, 'aya', 'aya123', 0, 3, '2017-12-02 16:23:35'),
(23, 'hasan', 'hasan123', 0, 2, '2017-11-30 17:06:08'),
(24, 'rizky@tazkia.ac.id', 'rizy123', 0, 3, '0000-00-00 00:00:00'),
(25, 'rian', 'rian123', 0, 3, '2018-03-12 08:09:33'),
(26, 'adita', 'adita123', 0, 3, '0000-00-00 00:00:00'),
(27, 'riyan', 'riyan123', 0, 3, '2018-03-12 08:10:45'),
(28, 'rizqan', 'rizqan123', 0, 3, '0000-00-00 00:00:00'),
(29, 'sofi', 'sofi123', 0, 3, '2017-12-02 21:28:17'),
(30, 'diva', 'diva123', 0, 3, '0000-00-00 00:00:00'),
(31, 'huda', 'huda123', 0, 3, '2017-12-02 21:27:39'),
(32, 'alfin', 'alfin123', 0, 3, '0000-00-00 00:00:00'),
(33, '17101003', 'hmQ9vft019', 1, 4, '2018-04-04 11:24:13'),
(34, '17102002', 'eshhU2Nd41', 1, 4, '0000-00-00 00:00:00'),
(35, '17101004', 'r9uP6s8ixZ', 1, 4, '0000-00-00 00:00:00'),
(36, '17101005', 'W245eiU9ua', 1, 4, '0000-00-00 00:00:00'),
(37, '17102003', 'H1S4sT9D3c', 1, 4, '0000-00-00 00:00:00'),
(38, '17104002', '3F80U1xE0G', 1, 4, '0000-00-00 00:00:00'),
(39, '17101006', 'Bot0T8lcwF', 1, 4, '0000-00-00 00:00:00'),
(40, '17101007', 'JS8RktgH3j', 1, 4, '0000-00-00 00:00:00'),
(41, '17101008', 'f9TD974QfZ', 1, 4, '0000-00-00 00:00:00'),
(42, '17101010', 'pwGY418U2q', 1, 4, '0000-00-00 00:00:00'),
(43, '17102004', 'W00E218vAy', 1, 4, '0000-00-00 00:00:00'),
(44, '17102005', 'N8kpg62wxZ', 1, 4, '0000-00-00 00:00:00'),
(45, '17103001', '7U60Fi3HyI', 1, 4, '0000-00-00 00:00:00'),
(46, '17103002', '1gDh5Od5m9', 1, 4, '0000-00-00 00:00:00'),
(47, '17101009', 'hLt4YqM6e7', 1, 4, '0000-00-00 00:00:00'),
(48, '17101011', 'AWW8LTdX3M', 1, 4, '0000-00-00 00:00:00'),
(49, '17101012', 'V05KnGa74C', 1, 4, '0000-00-00 00:00:00'),
(50, '17102006', 'Rak55oiNKv', 1, 4, '0000-00-00 00:00:00'),
(51, '17102007', '9o793rsY2r', 1, 4, '0000-00-00 00:00:00'),
(52, '17102008', 'Q8Jg7RgAeg', 1, 4, '0000-00-00 00:00:00'),
(53, '17102009', 'mA8y9pwECN', 1, 4, '0000-00-00 00:00:00'),
(54, '17102010', 'cN5zRjhZzW', 1, 4, '0000-00-00 00:00:00'),
(55, '17102011', 'ebHUE2fe53', 1, 4, '0000-00-00 00:00:00'),
(56, '17103003', '17kX07jcgx', 1, 4, '0000-00-00 00:00:00'),
(57, '17101013', 'U53Y3525eh', 1, 4, '0000-00-00 00:00:00'),
(58, '17101014', 'PM8Oj1eXYK', 1, 4, '0000-00-00 00:00:00'),
(59, '17101015', 'ATTE6l9H3k', 1, 4, '0000-00-00 00:00:00'),
(60, '17101016', 't86Ce5F040', 1, 4, '0000-00-00 00:00:00'),
(61, '17102012', 'C08t12zl5i', 1, 4, '0000-00-00 00:00:00'),
(62, '17102013', '566jgBw8fO', 1, 4, '0000-00-00 00:00:00'),
(63, '17102014', '437LvaCDYn', 1, 4, '0000-00-00 00:00:00'),
(64, '17102015', 'BHzTL3TpJO', 1, 4, '0000-00-00 00:00:00'),
(65, '17101017', 'p5qb108X1U', 1, 4, '0000-00-00 00:00:00'),
(66, '17101018', 'NNoS033CzR', 1, 4, '0000-00-00 00:00:00'),
(67, '17101019', 'K8VHoLBijO', 1, 4, '0000-00-00 00:00:00'),
(68, '17101020', 'uNU3Lxa6kB', 1, 4, '0000-00-00 00:00:00'),
(69, '17101021', '30e1j6A9t4', 1, 4, '0000-00-00 00:00:00'),
(70, '17101022', '0y3Upgc4lE', 1, 4, '0000-00-00 00:00:00'),
(71, '17101023', '7HH9c3Y5LY', 1, 4, '0000-00-00 00:00:00'),
(72, '17101024', '9Dg19o8jpf', 1, 4, '0000-00-00 00:00:00'),
(73, '17101025', 'Hvo73009iF', 1, 4, '0000-00-00 00:00:00'),
(74, '17101026', '0I9H6eNt4V', 1, 4, '0000-00-00 00:00:00'),
(75, '17101027', 'R6bss2olr4', 1, 4, '0000-00-00 00:00:00'),
(76, '17101028', 'q45u8SGc7n', 1, 4, '0000-00-00 00:00:00'),
(77, '17101029', 'gTvvphtBrV', 1, 4, '0000-00-00 00:00:00'),
(78, '17101030', 'ztCwGjDnm4', 1, 4, '0000-00-00 00:00:00'),
(79, '17101031', 'btMt76j56t', 1, 4, '0000-00-00 00:00:00'),
(80, '17101032', '0j2MS35V00', 1, 4, '0000-00-00 00:00:00'),
(81, '17101033', '38XPWA491F', 1, 4, '0000-00-00 00:00:00'),
(82, '17101034', '6aEvELLrj5', 1, 4, '0000-00-00 00:00:00'),
(83, '17101035', 'wjb46K7E4n', 1, 4, '0000-00-00 00:00:00'),
(84, '17101036', '3MJ9bFin6F', 1, 4, '0000-00-00 00:00:00'),
(85, '17101037', '69c439EBe7', 1, 4, '0000-00-00 00:00:00'),
(86, '17102016', '55SPC43KO8', 1, 4, '0000-00-00 00:00:00'),
(87, '17102017', '1ud4TOOApq', 1, 4, '0000-00-00 00:00:00'),
(88, '17102018', 'jU5aXG6Or9', 1, 4, '0000-00-00 00:00:00'),
(89, '17102019', 'Mq6Ma6wWwB', 1, 4, '0000-00-00 00:00:00'),
(90, '17103004', '2tM5P9936c', 1, 4, '0000-00-00 00:00:00'),
(91, '17103005', '21gu9Ed2Qm', 1, 4, '0000-00-00 00:00:00'),
(92, '17103006', 'meR9be5d86', 1, 4, '0000-00-00 00:00:00'),
(93, '17101044', 'vV2P4PXxbB', 1, 4, '0000-00-00 00:00:00'),
(94, '17101043', 'N7VjX10e2g', 1, 4, '0000-00-00 00:00:00'),
(95, '17102022', 'yC3eyHP6DF', 1, 4, '0000-00-00 00:00:00'),
(96, '17102023', '9xhDAXrAq2', 1, 4, '0000-00-00 00:00:00'),
(97, '17104003', '04241palwa', 1, 4, '0000-00-00 00:00:00'),
(98, '17102021', 'm9EYj255Ug', 1, 4, '0000-00-00 00:00:00'),
(99, '17101041', '40NTgc64Hz', 1, 4, '0000-00-00 00:00:00'),
(100, '17101042', 'YC4wJ8MrDJ', 1, 4, '0000-00-00 00:00:00'),
(101, '17103007', '25zI13v6Ch', 1, 4, '0000-00-00 00:00:00'),
(102, '17101040', 'alinduani123', 0, 4, '2018-04-22 07:18:57'),
(103, '17103008', 'q8dR9CFGo0', 1, 4, '0000-00-00 00:00:00'),
(104, '17102020', 'Xoj60Rhp7W', 1, 4, '0000-00-00 00:00:00'),
(105, '17101039', '33cV0S5683', 1, 4, '0000-00-00 00:00:00'),
(106, '17101038', 'HSB6zW13H4', 1, 4, '0000-00-00 00:00:00'),
(107, '17103010', 'C0cm8QBio5', 1, 4, '0000-00-00 00:00:00'),
(108, '17101055', '9Evz0OIk44', 1, 4, '0000-00-00 00:00:00'),
(109, '17101054', '68M05072D2', 1, 4, '0000-00-00 00:00:00'),
(110, '17102027', 'HrnKa7H1GY', 1, 4, '0000-00-00 00:00:00'),
(111, '17101052', 'A1G49bFjg0', 1, 4, '0000-00-00 00:00:00'),
(112, '17101053', 'hBe4kgFzq7', 1, 4, '0000-00-00 00:00:00'),
(113, '17101050', '3m95iOxkDt', 1, 4, '0000-00-00 00:00:00'),
(114, '17104005', 'ckTiJ1173w', 1, 4, '0000-00-00 00:00:00'),
(115, '17101051', 't170kWlw48', 1, 4, '0000-00-00 00:00:00'),
(116, '17101049', 'RkvpifOhR4', 1, 4, '0000-00-00 00:00:00'),
(117, '17102026', 'EZo51zQx70', 1, 4, '0000-00-00 00:00:00'),
(118, '17104004', 'JUFpRj7ylT', 1, 4, '0000-00-00 00:00:00'),
(119, '17101048', 'QXgIRhXYb7', 1, 4, '0000-00-00 00:00:00'),
(120, '17102025', '6lj8W97wjs', 1, 4, '0000-00-00 00:00:00'),
(121, '17101047', 'G4xZxz6QVu', 1, 4, '0000-00-00 00:00:00'),
(122, '17101046', 'A602k519LS', 1, 4, '0000-00-00 00:00:00'),
(123, '17101045', 'hth5U3KdUG', 1, 4, '0000-00-00 00:00:00'),
(124, '17102024', '2U767Aw12X', 1, 4, '0000-00-00 00:00:00'),
(125, '17103013', 'lHKBe5XX2E', 1, 4, '0000-00-00 00:00:00'),
(126, '17102030', 'bDz1Q14744', 1, 4, '0000-00-00 00:00:00'),
(127, '17101056', 'Or7zsvX2As', 1, 4, '0000-00-00 00:00:00'),
(128, '17103014', '48jZWXkY28', 1, 4, '0000-00-00 00:00:00'),
(129, '17103012', 'Fc43CpW9vh', 1, 4, '0000-00-00 00:00:00'),
(130, '17102029', 'JBHbwL2M8k', 1, 4, '0000-00-00 00:00:00'),
(131, '17103009', 'TVM2G2NgPT', 1, 4, '0000-00-00 00:00:00'),
(132, '17103011', 'T92xa604lL', 1, 4, '0000-00-00 00:00:00'),
(133, '17102028', '4NNA7Pzl0N', 1, 4, '0000-00-00 00:00:00'),
(134, '17103018', 'M651B9JrPF', 1, 4, '0000-00-00 00:00:00'),
(135, '17102035', 'Xw7YQT69jp', 1, 4, '0000-00-00 00:00:00'),
(136, '17101070', 'aBmd1Ky89A', 1, 4, '0000-00-00 00:00:00'),
(137, '17101072', '63a968lK9F', 1, 4, '0000-00-00 00:00:00'),
(138, '17101071', '28maDTSqsL', 1, 4, '0000-00-00 00:00:00'),
(139, '17101069', '64wiwm16aa', 1, 4, '0000-00-00 00:00:00'),
(140, '17102034', '4AtfD1WXYh', 1, 4, '0000-00-00 00:00:00'),
(141, '17103017', '2R6AaQNgnV', 1, 4, '0000-00-00 00:00:00'),
(142, '17103016', '5xprHw5P2R', 1, 4, '0000-00-00 00:00:00'),
(143, '17101068', 'hsv7e40CY7', 1, 4, '0000-00-00 00:00:00'),
(144, '17103015', '801Ltq4yYI', 1, 4, '0000-00-00 00:00:00'),
(145, '17101067', 'Fo0icY00Un', 1, 4, '0000-00-00 00:00:00'),
(146, '17101065', '721HG6495K', 1, 4, '0000-00-00 00:00:00'),
(147, '17102033', 'xb9tu9gZE9', 1, 4, '0000-00-00 00:00:00'),
(148, '17101066', '9R3Z28OZAH', 1, 4, '0000-00-00 00:00:00'),
(149, '17104006', 'sS21F9VLI6', 1, 4, '0000-00-00 00:00:00'),
(150, '17102032', '2R2E78lmf6', 1, 4, '0000-00-00 00:00:00'),
(151, '17101064', 'AhIZ3HSreB', 1, 4, '0000-00-00 00:00:00'),
(152, '17101061', '4Y6J2qe75B', 1, 4, '0000-00-00 00:00:00'),
(153, '17101063', '8pb369i137', 1, 4, '0000-00-00 00:00:00'),
(154, '17101062', 'm5ZFK7kE76', 1, 4, '0000-00-00 00:00:00'),
(155, '17101060', '95660495M9', 1, 4, '0000-00-00 00:00:00'),
(156, '17101059', '2SUbs45fZ3', 1, 4, '0000-00-00 00:00:00'),
(157, '17102031', 'Q2gOCX3gxy', 1, 4, '0000-00-00 00:00:00'),
(158, '17101058', '6jA93f6L2l', 1, 4, '0000-00-00 00:00:00'),
(159, '17101057', 'n1ZPc87ERJ', 1, 4, '0000-00-00 00:00:00'),
(160, '17101077', '7VBfKg21AE', 1, 4, '0000-00-00 00:00:00'),
(161, '17101075', 'Nqs1wX4Ka8', 1, 4, '0000-00-00 00:00:00'),
(162, '17101074', '04YkalP6o4', 1, 4, '0000-00-00 00:00:00'),
(163, '17101073', 'BvWeGX0zOp', 1, 4, '0000-00-00 00:00:00'),
(164, '17103022', 'g8X3m0dCot', 1, 4, '0000-00-00 00:00:00'),
(165, '17102037', '5lr32CJpPb', 1, 4, '0000-00-00 00:00:00'),
(166, '17102038', 'T9Q13mC41C', 1, 4, '0000-00-00 00:00:00'),
(167, '17103021', 'dM970qH8XR', 1, 4, '0000-00-00 00:00:00'),
(168, '17103020', 'UVi2bsEjlW', 1, 4, '0000-00-00 00:00:00'),
(169, '17101079', '3SxXGKwsn4', 1, 4, '0000-00-00 00:00:00'),
(170, '17102036', 'k993cP79C2', 1, 4, '0000-00-00 00:00:00'),
(171, '17103019', '29xlO5dL37', 1, 4, '0000-00-00 00:00:00'),
(172, '17102040', '7DMZQs0qSE', 1, 4, '0000-00-00 00:00:00'),
(173, '17102039', 'JIfm07gSiM', 1, 4, '0000-00-00 00:00:00'),
(174, '17101080', 'n083aH785y', 1, 4, '0000-00-00 00:00:00'),
(175, '17101081', 'RS1Y49O2En', 1, 4, '0000-00-00 00:00:00'),
(176, '17102047', 'JA4a980xjv', 1, 4, '0000-00-00 00:00:00'),
(177, '17103025', '4iHRok1675', 1, 4, '0000-00-00 00:00:00'),
(178, '17102046', 'h25l45382v', 1, 4, '0000-00-00 00:00:00'),
(179, '17101086', 'ssyF2E11K7', 1, 4, '0000-00-00 00:00:00'),
(180, '17101088', 'O5VB19IdBi', 1, 4, '0000-00-00 00:00:00'),
(181, '17102045', 'Tw19a7ztSH', 1, 4, '0000-00-00 00:00:00'),
(182, '17101087', '4TG3Y26LPq', 1, 4, '0000-00-00 00:00:00'),
(183, '17103024', 'DH40NMaOPU', 1, 4, '0000-00-00 00:00:00'),
(184, '17102044', '5T9MRu9qw2', 1, 4, '0000-00-00 00:00:00'),
(185, '17101085', 'hsf0fw2BEq', 1, 4, '0000-00-00 00:00:00'),
(186, '17101083', '195Y7I8LJ5', 1, 4, '0000-00-00 00:00:00'),
(187, '17102043', 'XV52h99D95', 1, 4, '0000-00-00 00:00:00'),
(188, '17101084', '4Hg8O92102', 1, 4, '0000-00-00 00:00:00'),
(189, '17102042', '7h52sXMQzg', 1, 4, '0000-00-00 00:00:00'),
(190, '17102041', '43x1R7aHL1', 1, 4, '0000-00-00 00:00:00'),
(191, '17103023', 'u5DHnR5n5K', 1, 4, '0000-00-00 00:00:00'),
(192, '17101082', '0eFR1bnee6', 1, 4, '0000-00-00 00:00:00'),
(193, '17104007', 'Vw9p3a74zi', 1, 4, '0000-00-00 00:00:00'),
(194, '17103028', '30d8PM0z39', 1, 4, '0000-00-00 00:00:00'),
(195, '17102051', 'S5rpZFM9K1', 1, 4, '0000-00-00 00:00:00'),
(196, '17101089', 're316d1l87', 1, 4, '0000-00-00 00:00:00'),
(197, '17102050', 'gGJ6zxy6sB', 1, 4, '0000-00-00 00:00:00'),
(198, '17102049', 'xyWvzJ5rn7', 1, 4, '0000-00-00 00:00:00'),
(199, '17101091', 'zFi8302E2o', 1, 4, '0000-00-00 00:00:00'),
(200, '17103026', '5L1Prhn0ak', 1, 4, '0000-00-00 00:00:00'),
(201, '17101076', '089e14C0Uz', 1, 4, '0000-00-00 00:00:00'),
(202, '17102048', '3sy55sPEuw', 1, 4, '0000-00-00 00:00:00'),
(203, '17102053', 'I06rb145v9', 1, 4, '0000-00-00 00:00:00'),
(204, '17101090', '1u60oM75fG', 1, 4, '0000-00-00 00:00:00'),
(205, '17101095', 'hp2LloNn9Y', 1, 4, '0000-00-00 00:00:00'),
(206, '17103030', 't2Hk191ib0', 1, 4, '0000-00-00 00:00:00'),
(207, '17101093', 'skeie9800g', 1, 4, '0000-00-00 00:00:00'),
(208, '17103029', 'd05J4EdTlS', 1, 4, '0000-00-00 00:00:00'),
(209, '17101092', 'vkm7x50N2s', 1, 4, '0000-00-00 00:00:00'),
(210, '17102054', 'c7oaAii31k', 1, 4, '0000-00-00 00:00:00'),
(211, '17101103', 'n98v414Q9H', 1, 4, '0000-00-00 00:00:00'),
(212, '17102052', 'nq69vzbSoQ', 1, 4, '0000-00-00 00:00:00'),
(213, '17101102', 'X4D4Y8gn7m', 1, 4, '0000-00-00 00:00:00'),
(214, '17101098', 'Y3Oibk5qZM', 1, 4, '0000-00-00 00:00:00'),
(215, '17101101', '79X2Hm5ahc', 1, 4, '0000-00-00 00:00:00'),
(217, '17101100', 'k3T2UO4FuB', 1, 4, '0000-00-00 00:00:00'),
(218, '17101097', '4IM01i3qf9', 1, 4, '0000-00-00 00:00:00'),
(219, '17101094', 'hRa8LFyT56', 1, 4, '0000-00-00 00:00:00'),
(220, '17101096', '8Zz5mv6Do5', 1, 4, '0000-00-00 00:00:00'),
(221, '17101106', 'ejLlnvvx5q', 1, 4, '0000-00-00 00:00:00'),
(222, '17101104', 'o8OQt1v6aj', 1, 4, '0000-00-00 00:00:00'),
(223, '17101118', 'C1YFD5O79L', 1, 4, '0000-00-00 00:00:00'),
(224, '17101117', '9Ck900E0MB', 1, 4, '0000-00-00 00:00:00'),
(225, '17102060', '74FqAnrl84', 1, 4, '0000-00-00 00:00:00'),
(226, '17103033', 'p71d5f2600', 1, 4, '0000-00-00 00:00:00'),
(227, '17101116', 'yO547j8JaN', 1, 4, '0000-00-00 00:00:00'),
(228, '17102058', 'o0jc3cCB7S', 1, 4, '0000-00-00 00:00:00'),
(229, '17101115', 'zv9Z2SRuY5', 1, 4, '0000-00-00 00:00:00'),
(230, '17103032', '1qh0p3dLr2', 1, 4, '0000-00-00 00:00:00'),
(231, '17101113', 'ubbQ9lNhE2', 1, 4, '0000-00-00 00:00:00'),
(232, '17101111', 'w8uH85UiK2', 1, 4, '0000-00-00 00:00:00'),
(233, '17102057', '03nm0XUlZv', 1, 4, '0000-00-00 00:00:00'),
(234, '17101114', '6J7a74jLbQ', 1, 4, '0000-00-00 00:00:00'),
(235, '17101112', 'VRIuXYEe6z', 1, 4, '0000-00-00 00:00:00'),
(236, '17101109', 'eh2wM3bRf0', 1, 4, '0000-00-00 00:00:00'),
(237, '17101110', 'K8I2yP84eL', 1, 4, '0000-00-00 00:00:00'),
(238, '17102055', 'J7Xkj2SUn9', 1, 4, '0000-00-00 00:00:00'),
(239, '17102056', 'Sfu3yj1jUO', 1, 4, '0000-00-00 00:00:00'),
(240, '17103031', 'n2L3j1rZ2e', 1, 4, '0000-00-00 00:00:00'),
(241, '17101108', 'ACb128Tc0R', 1, 4, '0000-00-00 00:00:00'),
(242, '17101107', '4BeFru9JkV', 1, 4, '0000-00-00 00:00:00'),
(243, '17101105', '6Fr9gI4Hg1', 1, 4, '0000-00-00 00:00:00'),
(244, '17102062', 'CpXS92z65b', 1, 4, '0000-00-00 00:00:00'),
(245, '17102063', 'xCqK789k5C', 1, 4, '0000-00-00 00:00:00'),
(246, '17102059', 'Vyb17ymlk3', 1, 4, '0000-00-00 00:00:00'),
(247, '17102061', '872W113mYw', 1, 4, '0000-00-00 00:00:00'),
(248, '17101127', 'k7lkVw6n26', 1, 4, '0000-00-00 00:00:00'),
(249, '17101128', '08U8MPvYI9', 1, 4, '0000-00-00 00:00:00'),
(250, '17101124', 'aRAbos8055', 1, 4, '0000-00-00 00:00:00'),
(251, '17101126', 'U33tu13X43', 1, 4, '0000-00-00 00:00:00'),
(252, '17103037', 'C5VR823TW8', 1, 4, '0000-00-00 00:00:00'),
(253, '17103036', 'G9xT03gx7a', 1, 4, '0000-00-00 00:00:00'),
(254, '17101123', 'l21ROkMnV3', 1, 4, '0000-00-00 00:00:00'),
(255, '17102065', 'bFvp3uwxn8', 1, 4, '0000-00-00 00:00:00'),
(256, '17101122', '0DO5hRy5Q3', 1, 4, '0000-00-00 00:00:00'),
(257, '17101119', 'zsid3Le2uB', 1, 4, '0000-00-00 00:00:00'),
(258, '17103035', 'rp3OzGA48a', 1, 4, '0000-00-00 00:00:00'),
(259, '17101121', '9H96p1OitT', 1, 4, '0000-00-00 00:00:00'),
(260, '17103034', '0Br5600u88', 1, 4, '0000-00-00 00:00:00'),
(261, '17101120', 'bGoMcl8E8r', 1, 4, '0000-00-00 00:00:00'),
(262, '17102064', 'C151aa245c', 1, 4, '0000-00-00 00:00:00'),
(263, '17101135', '8L5id418Ro', 1, 4, '0000-00-00 00:00:00'),
(264, '17103040', 'V4wO96e1v1', 1, 4, '0000-00-00 00:00:00'),
(265, '17103039', '9121iu90j9', 1, 4, '0000-00-00 00:00:00'),
(266, '17101133', '4q1a3aq81g', 1, 4, '0000-00-00 00:00:00'),
(267, '17101134', 'EvzJvDjCvn', 1, 4, '0000-00-00 00:00:00'),
(268, '17101132', 'LY4G72FD4x', 1, 4, '0000-00-00 00:00:00'),
(269, '17101130', 'L0nf61UqKB', 1, 4, '0000-00-00 00:00:00'),
(270, '17102068', 'pAW10th605', 1, 4, '0000-00-00 00:00:00'),
(271, '17101131', 'emYE9eukJL', 1, 4, '0000-00-00 00:00:00'),
(272, '17102067', '048fxykzgA', 1, 4, '0000-00-00 00:00:00'),
(273, '17102066', 'uRWJ9Z4tNy', 1, 4, '0000-00-00 00:00:00'),
(274, '17101125', '4a8sR4JPsf', 1, 4, '0000-00-00 00:00:00'),
(275, '17101129', 'Oj9zNo8er1', 1, 4, '0000-00-00 00:00:00'),
(276, '17103038', 'Ep4l1pT4UR', 1, 4, '0000-00-00 00:00:00'),
(277, '17102078', '65s7iuWU3S', 1, 4, '0000-00-00 00:00:00'),
(278, '17103046', 'zy13IwSAJe', 1, 4, '0000-00-00 00:00:00'),
(279, '17101157', 'AoIyy42gqp', 1, 4, '0000-00-00 00:00:00'),
(280, '17101154', '59tRi9T6xM', 1, 4, '0000-00-00 00:00:00'),
(281, '17102077', 'LEu9gCZJnZ', 1, 4, '0000-00-00 00:00:00'),
(282, '17104008', 'ZmiyuEjdSF', 1, 4, '0000-00-00 00:00:00'),
(283, '17101156', '6UN19XbQ65', 1, 4, '0000-00-00 00:00:00'),
(284, '17101155', 'I0jN229D4v', 1, 4, '0000-00-00 00:00:00'),
(285, '17101153', '9Zy7EdDOPh', 1, 4, '0000-00-00 00:00:00'),
(286, '17102076', 'n0xRaaOy1E', 1, 4, '0000-00-00 00:00:00'),
(287, '17101152', 'O585Js4VIg', 1, 4, '0000-00-00 00:00:00'),
(288, '17103044', 'yGA5u3eObY', 1, 4, '0000-00-00 00:00:00'),
(289, '17102075', 'C1zHUDlK1j', 1, 4, '0000-00-00 00:00:00'),
(290, '17101151', 'nJ7g3V20ad', 1, 4, '0000-00-00 00:00:00'),
(291, '17102074', 'D046k1q606', 1, 4, '2018-04-22 07:02:56'),
(292, '17103045', 'aG4O4PsDc9', 1, 4, '0000-00-00 00:00:00'),
(293, '17101148', 'eE8sDp4aw3', 1, 4, '0000-00-00 00:00:00'),
(294, '17102073', '5v1t7Lm35a', 1, 4, '0000-00-00 00:00:00'),
(295, '17101150', '2nDNxAeYh7', 1, 4, '0000-00-00 00:00:00'),
(296, '17101149', 'X12on8ll00', 1, 4, '0000-00-00 00:00:00'),
(297, '17101147', 'cNu9N8MK6n', 1, 4, '0000-00-00 00:00:00'),
(298, '17101146', '10A6vWzc7l', 1, 4, '0000-00-00 00:00:00'),
(299, '17102072', '6rj81EjGlq', 1, 4, '0000-00-00 00:00:00'),
(300, '17101145', '040vBI85K1', 1, 4, '0000-00-00 00:00:00'),
(301, '17103043', 't85q6Hs7d7', 1, 4, '0000-00-00 00:00:00'),
(302, '17101142', '0xpZ0rszi7', 1, 4, '0000-00-00 00:00:00'),
(303, '17102071', 'QgTBt6n69F', 1, 4, '0000-00-00 00:00:00'),
(304, '17101144', '3Zt3g8K4K9', 1, 4, '0000-00-00 00:00:00'),
(305, '17101143', '8832G91uIp', 1, 4, '0000-00-00 00:00:00'),
(306, '17101141', 'AW12l5zJAN', 1, 4, '0000-00-00 00:00:00'),
(308, '17102069', '7z7a4Us9Cw', 1, 4, '0000-00-00 00:00:00'),
(309, '17103041', 'GX4CiBKdQ3', 1, 4, '0000-00-00 00:00:00'),
(310, '17101139', 'yI98uY9Oqv', 1, 4, '0000-00-00 00:00:00'),
(311, '17101138', '10L7m4XAN7', 1, 4, '0000-00-00 00:00:00'),
(312, '17103042', '105AYGmZq5', 1, 4, '0000-00-00 00:00:00'),
(313, '17102070', 'bQVmQD4PDp', 1, 4, '0000-00-00 00:00:00'),
(314, '17101137', 'P8tZmSq7YN', 1, 4, '0000-00-00 00:00:00'),
(315, '17101136', 'lgfU4vTyEj', 1, 4, '0000-00-00 00:00:00'),
(316, '17101166', 'Gzcq55No1R', 1, 4, '0000-00-00 00:00:00'),
(317, '17101165', '5Sxl9UR2pb', 1, 4, '0000-00-00 00:00:00'),
(318, '17101164', 'A49JXoRreF', 1, 4, '0000-00-00 00:00:00'),
(319, '17101163', 'IMWNKnGx61', 1, 4, '0000-00-00 00:00:00'),
(320, '17103048', '2WpFV1o9h7', 1, 4, '0000-00-00 00:00:00'),
(321, '17101162', 'tq9R2a6F9h', 1, 4, '0000-00-00 00:00:00'),
(322, '17102081', 'hKBK710PL0', 1, 4, '0000-00-00 00:00:00'),
(323, '17102080', 'soTkLSW86t', 1, 4, '0000-00-00 00:00:00'),
(324, '17101161', 'NrYH3XoeES', 1, 4, '0000-00-00 00:00:00'),
(325, '17103047', 'YTYc63aSX1', 1, 4, '0000-00-00 00:00:00'),
(326, '17102079', '6pMk14EvH5', 1, 4, '0000-00-00 00:00:00'),
(327, '17101159', 'AY3B3cYfDx', 1, 4, '0000-00-00 00:00:00'),
(328, '17101160', 'w2Fm9kIw7k', 1, 4, '0000-00-00 00:00:00'),
(329, '17104009', 'Uh10B4UfNT', 1, 4, '0000-00-00 00:00:00'),
(330, '17101158', '4tNyy5F9Cj', 1, 4, '0000-00-00 00:00:00'),
(331, '17101176', 'lx64FC33w5', 1, 4, '0000-00-00 00:00:00'),
(332, '17101175', 'D81JDcIo7j', 1, 4, '0000-00-00 00:00:00'),
(333, '17102083', 'L00229f5Ce', 1, 4, '0000-00-00 00:00:00'),
(334, '17102082', 'U59IHulHi7', 1, 4, '0000-00-00 00:00:00'),
(335, '17101174', 'PHH12je959', 1, 4, '0000-00-00 00:00:00'),
(336, '17101171', 'WP503P7pv2', 1, 4, '0000-00-00 00:00:00'),
(337, '17101172', 'B44ziWLXLr', 1, 4, '0000-00-00 00:00:00'),
(338, '17101173', 'FG98oHwh5w', 1, 4, '0000-00-00 00:00:00'),
(339, '17101167', 'ItD4G2lgHg', 1, 4, '0000-00-00 00:00:00'),
(340, '17101170', 'NwLy7phyrt', 1, 4, '0000-00-00 00:00:00'),
(341, '17101169', 'T342b57CLc', 1, 4, '0000-00-00 00:00:00'),
(342, '17101168', 'cD4nFF5Wg7', 1, 4, '0000-00-00 00:00:00'),
(343, '17101180', 'loi06K71cy', 1, 4, '0000-00-00 00:00:00'),
(345, '17102085', '4vkYYV8xso', 1, 4, '0000-00-00 00:00:00'),
(346, '17101178', 'QnPsgApkxd', 1, 4, '0000-00-00 00:00:00'),
(347, '17102084', '84S3ptQ6PW', 1, 4, '0000-00-00 00:00:00'),
(348, '17103049', 'xG616On192', 1, 4, '0000-00-00 00:00:00'),
(349, '17101177', '3d5I70EyS3', 1, 4, '0000-00-00 00:00:00'),
(350, '17101182', 'zSAIhV7PH5', 1, 4, '0000-00-00 00:00:00'),
(351, '17101183', 'hd8nI132mw', 1, 4, '0000-00-00 00:00:00'),
(352, '17102086', '071mFf18v8', 1, 4, '0000-00-00 00:00:00'),
(353, '17101181', '9o6UngPfhZ', 1, 4, '0000-00-00 00:00:00'),
(354, '17101184', '80UlVLTHCF', 1, 4, '0000-00-00 00:00:00'),
(355, '17101185', '0Wn104GjCv', 1, 4, '0000-00-00 00:00:00'),
(356, '17101187', 'MhLb9kX8U7', 1, 4, '0000-00-00 00:00:00'),
(357, '17101189', 'k621nEZxBi', 1, 4, '0000-00-00 00:00:00'),
(358, '17101188', '61Mb0CQ9EI', 1, 4, '0000-00-00 00:00:00'),
(359, '17103052', '4O0B4036Ff', 1, 4, '0000-00-00 00:00:00'),
(360, '17104010', '5hhmk22tM0', 1, 4, '0000-00-00 00:00:00'),
(361, '17101186', 'eX3H0A1Nk2', 1, 4, '0000-00-00 00:00:00'),
(362, '17103050', 'r17RU1MqHS', 1, 4, '0000-00-00 00:00:00'),
(363, '17102087', 'e5q2gt672y', 1, 4, '0000-00-00 00:00:00'),
(364, '17101190', '35Wq1Q2R6g', 1, 4, '0000-00-00 00:00:00'),
(365, '17102088', 'D9B675nC9J', 1, 4, '0000-00-00 00:00:00'),
(366, '17101225', '28U5zkVWxE', 1, 4, '0000-00-00 00:00:00'),
(367, '17101217', '3e2NJj0279', 1, 4, '0000-00-00 00:00:00'),
(368, '17101216', 'O65d8SE8pN', 1, 4, '0000-00-00 00:00:00'),
(369, '17101210', 'j9Mebba05a', 1, 4, '0000-00-00 00:00:00'),
(370, '17101223', 'btG5368BD9', 1, 4, '0000-00-00 00:00:00'),
(371, '17101221', '7I01J57Qfw', 1, 4, '0000-00-00 00:00:00'),
(372, '17101219', 'VM48289WSG', 1, 4, '0000-00-00 00:00:00'),
(373, '17101226', 'ZidaV8m2g7', 1, 4, '0000-00-00 00:00:00'),
(374, '17101220', '473UYi8L75', 1, 4, '0000-00-00 00:00:00'),
(375, '17102095', 'aaL2WgbIN6', 1, 4, '0000-00-00 00:00:00'),
(376, '17101208', '6qA37xK7g4', 1, 4, '0000-00-00 00:00:00'),
(377, '17103053', 'rF95wAa5S8', 1, 4, '0000-00-00 00:00:00'),
(378, '17102091', 'W0BbjF3Z46', 1, 4, '0000-00-00 00:00:00'),
(379, '17103057', 'zg19QENMNy', 1, 4, '0000-00-00 00:00:00'),
(380, '17101204', 'E2zFYJ6ABT', 1, 4, '0000-00-00 00:00:00'),
(381, '17101212', '41h950s0u1', 1, 4, '0000-00-00 00:00:00'),
(382, '17101211', '2NKI2Yt9Cy', 1, 4, '0000-00-00 00:00:00'),
(383, '17102093', 'Q73r32rZe7', 1, 4, '0000-00-00 00:00:00'),
(384, '17101233', 'TmY0Lj3c48', 1, 4, '0000-00-00 00:00:00'),
(385, '17101195', '48Azk2a0zz', 1, 4, '0000-00-00 00:00:00'),
(386, '17101203', '58FQOigO50', 1, 4, '0000-00-00 00:00:00'),
(387, '17101193', 'Kwlkcnh6Bn', 1, 4, '0000-00-00 00:00:00'),
(388, '17101192', '1521OBuDe7', 1, 4, '0000-00-00 00:00:00'),
(389, '17101207', 'phvk9Y06VP', 1, 4, '0000-00-00 00:00:00'),
(390, '17102090', 'O7YD2UX7ts', 1, 4, '0000-00-00 00:00:00'),
(391, '17101227', 'uj39UctuDg', 1, 4, '0000-00-00 00:00:00'),
(392, '17101229', 'q2bSG92073', 1, 4, '0000-00-00 00:00:00'),
(393, '17102094', 'fs6nu6eb7G', 1, 4, '0000-00-00 00:00:00'),
(394, '17101214', '1O4AGaS1EO', 1, 4, '0000-00-00 00:00:00'),
(395, '17103060', '7Yl373vJS5', 1, 4, '0000-00-00 00:00:00'),
(396, '17101228', 'VFaSQP9bdU', 1, 4, '0000-00-00 00:00:00'),
(397, '17103061', '77Rd34qYSY', 1, 4, '0000-00-00 00:00:00'),
(398, '17101231', '54PT29N8CT', 1, 4, '0000-00-00 00:00:00'),
(399, '17101230', '14jkKj301f', 1, 4, '0000-00-00 00:00:00'),
(400, '17101209', '393NXWCQ3h', 1, 4, '0000-00-00 00:00:00'),
(401, '17103054', 'iG3H1o5kD4', 1, 4, '0000-00-00 00:00:00'),
(402, '17101218', 'EJ5VbL528u', 1, 4, '0000-00-00 00:00:00'),
(403, '17101222', '33fGRXQEP0', 1, 4, '0000-00-00 00:00:00'),
(404, '17103056', 'n1R56fVVD9', 1, 4, '0000-00-00 00:00:00'),
(405, '17102092', '55eTjXCWL0', 1, 4, '0000-00-00 00:00:00'),
(406, '17104011', 'Ew5ft7wOEH', 1, 4, '0000-00-00 00:00:00'),
(407, '17101224', 'tY9HXpI25E', 1, 4, '0000-00-00 00:00:00'),
(408, '17103055', '2sx62AR28e', 1, 4, '0000-00-00 00:00:00'),
(409, '17103059', '19TsaTB0BR', 1, 4, '0000-00-00 00:00:00'),
(410, '17101232', '9qebc7ajY8', 1, 4, '0000-00-00 00:00:00'),
(411, '17101206', '42pO821c09', 1, 4, '0000-00-00 00:00:00'),
(412, '17101215', 'hg5I5ZTfK1', 1, 4, '0000-00-00 00:00:00'),
(413, '17103058', 'f74yA007iu', 1, 4, '0000-00-00 00:00:00'),
(414, '17101205', 'VGF1o9rc34', 1, 4, '0000-00-00 00:00:00'),
(415, '17101213', 'lU8512sn92', 1, 4, '0000-00-00 00:00:00'),
(416, '17101194', 'B3rme7X0Ts', 1, 4, '0000-00-00 00:00:00'),
(417, '17102089', '36g0k5pcTl', 1, 4, '0000-00-00 00:00:00'),
(418, '17103062', '81Yyh6Vk70', 1, 4, '0000-00-00 00:00:00'),
(419, '17103051', 'c39oz4J9Mv', 1, 4, '0000-00-00 00:00:00');

-- --------------------------------------------------------

--
-- Structure for view `data_mahasiswa`
--
DROP TABLE IF EXISTS `data_mahasiswa`;

CREATE ALGORITHM=UNDEFINED DEFINER=`root`@`localhost` SQL SECURITY DEFINER VIEW `data_mahasiswa`  AS  select `mahasiswa`.`nama` AS `nama`,`mahasiswa`.`nim` AS `nim`,`mahasiswa`.`id_mahasiswa` AS `id_mahasiswa`,`mahasiswa`.`id_user` AS `id_user`,`mahasiswa`.`j_kelamin` AS `j_kelamin`,`users`.`last_login` AS `last_login`,`users`.`password` AS `password` from (`users` join `mahasiswa` on((`mahasiswa`.`id_user` = `users`.`id_user`))) order by `mahasiswa`.`nama` ;

-- --------------------------------------------------------

--
-- Structure for view `data_user`
--
DROP TABLE IF EXISTS `data_user`;

CREATE ALGORITHM=UNDEFINED DEFINER=`root`@`localhost` SQL SECURITY DEFINER VIEW `data_user`  AS  select `users`.`id_user` AS `id_user`,`users`.`username` AS `username`,`users`.`password` AS `password`,`users`.`password_default` AS `password_default`,`users`.`level` AS `level`,`users`.`last_login` AS `last_login` from `users` order by `users`.`level` ;

--
-- Indexes for dumped tables
--

--
-- Indexes for table `administrator`
--
ALTER TABLE `administrator`
  ADD PRIMARY KEY (`id_admin`),
  ADD KEY `id_user` (`id_user`);

--
-- Indexes for table `adminmatrik`
--
ALTER TABLE `adminmatrik`
  ADD PRIMARY KEY (`id_adminmatrik`),
  ADD KEY `id_user` (`id_user`);

--
-- Indexes for table `mahasiswa`
--
ALTER TABLE `mahasiswa`
  ADD PRIMARY KEY (`id_mahasiswa`),
  ADD KEY `id_user` (`id_user`);

--
-- Indexes for table `m_binaan`
--
ALTER TABLE `m_binaan`
  ADD PRIMARY KEY (`id_mhsbinaan`),
  ADD KEY `id_pembina` (`id_pembina`),
  ADD KEY `id_mahasiswa` (`id_mahasiswa`);

--
-- Indexes for table `paksi`
--
ALTER TABLE `paksi`
  ADD PRIMARY KEY (`id_paksi`),
  ADD KEY `id_pbentuk` (`id_pbentuk`);

--
-- Indexes for table `pbentuk`
--
ALTER TABLE `pbentuk`
  ADD PRIMARY KEY (`id_pbentuk`);

--
-- Indexes for table `pembina`
--
ALTER TABLE `pembina`
  ADD PRIMARY KEY (`id_pembina`),
  ADD UNIQUE KEY `id_user` (`id_user`);

--
-- Indexes for table `planjut`
--
ALTER TABLE `planjut`
  ADD PRIMARY KEY (`id_planjut`),
  ADD KEY `id_psanksi` (`id_psanksi`);

--
-- Indexes for table `pmain`
--
ALTER TABLE `pmain`
  ADD PRIMARY KEY (`id_pelanggaran`),
  ADD KEY `id_mhsbinaan` (`id_mhsbinaan`),
  ADD KEY `id_pbentuk` (`id_pbentuk`),
  ADD KEY `id_paksi` (`id_paksi`),
  ADD KEY `id_psanksi` (`id_psanksi`),
  ADD KEY `id_planjut` (`id_planjut`);

--
-- Indexes for table `psanksi`
--
ALTER TABLE `psanksi`
  ADD PRIMARY KEY (`id_psanksi`);

--
-- Indexes for table `shalat`
--
ALTER TABLE `shalat`
  ADD KEY `id_mahasiswa` (`id_mahasiswa`);

--
-- Indexes for table `users`
--
ALTER TABLE `users`
  ADD PRIMARY KEY (`id_user`);

--
-- AUTO_INCREMENT for dumped tables
--

--
-- AUTO_INCREMENT for table `administrator`
--
ALTER TABLE `administrator`
  MODIFY `id_admin` int(11) NOT NULL AUTO_INCREMENT, AUTO_INCREMENT=2;
--
-- AUTO_INCREMENT for table `adminmatrik`
--
ALTER TABLE `adminmatrik`
  MODIFY `id_adminmatrik` int(3) NOT NULL AUTO_INCREMENT, AUTO_INCREMENT=4;
--
-- AUTO_INCREMENT for table `m_binaan`
--
ALTER TABLE `m_binaan`
  MODIFY `id_mhsbinaan` int(11) NOT NULL AUTO_INCREMENT, AUTO_INCREMENT=16;
--
-- AUTO_INCREMENT for table `paksi`
--
ALTER TABLE `paksi`
  MODIFY `id_paksi` int(11) NOT NULL AUTO_INCREMENT, AUTO_INCREMENT=13;
--
-- AUTO_INCREMENT for table `pbentuk`
--
ALTER TABLE `pbentuk`
  MODIFY `id_pbentuk` int(11) NOT NULL AUTO_INCREMENT, AUTO_INCREMENT=10;
--
-- AUTO_INCREMENT for table `pembina`
--
ALTER TABLE `pembina`
  MODIFY `id_pembina` int(11) NOT NULL AUTO_INCREMENT, AUTO_INCREMENT=29;
--
-- AUTO_INCREMENT for table `planjut`
--
ALTER TABLE `planjut`
  MODIFY `id_planjut` int(11) NOT NULL AUTO_INCREMENT, AUTO_INCREMENT=11;
--
-- AUTO_INCREMENT for table `pmain`
--
ALTER TABLE `pmain`
  MODIFY `id_pelanggaran` int(11) NOT NULL AUTO_INCREMENT, AUTO_INCREMENT=3;
--
-- AUTO_INCREMENT for table `psanksi`
--
ALTER TABLE `psanksi`
  MODIFY `id_psanksi` int(11) NOT NULL AUTO_INCREMENT, AUTO_INCREMENT=4;
--
-- AUTO_INCREMENT for table `users`
--
ALTER TABLE `users`
  MODIFY `id_user` int(11) NOT NULL AUTO_INCREMENT, AUTO_INCREMENT=420;
--
-- Constraints for dumped tables
--

--
-- Constraints for table `administrator`
--
ALTER TABLE `administrator`
  ADD CONSTRAINT `administrator_ibfk_1` FOREIGN KEY (`id_user`) REFERENCES `users` (`id_user`);

--
-- Constraints for table `adminmatrik`
--
ALTER TABLE `adminmatrik`
  ADD CONSTRAINT `adminmatrik_ibfk_1` FOREIGN KEY (`id_user`) REFERENCES `users` (`id_user`);

--
-- Constraints for table `m_binaan`
--
ALTER TABLE `m_binaan`
  ADD CONSTRAINT `m_binaan_ibfk_1` FOREIGN KEY (`id_pembina`) REFERENCES `pembina` (`id_pembina`),
  ADD CONSTRAINT `m_binaan_ibfk_2` FOREIGN KEY (`id_mahasiswa`) REFERENCES `mahasiswa` (`id_mahasiswa`);

--
-- Constraints for table `paksi`
--
ALTER TABLE `paksi`
  ADD CONSTRAINT `paksi_ibfk_1` FOREIGN KEY (`id_pbentuk`) REFERENCES `pbentuk` (`id_pbentuk`);

--
-- Constraints for table `pembina`
--
ALTER TABLE `pembina`
  ADD CONSTRAINT `pembina_ibfk_1` FOREIGN KEY (`id_user`) REFERENCES `users` (`id_user`);

--
-- Constraints for table `planjut`
--
ALTER TABLE `planjut`
  ADD CONSTRAINT `planjut_ibfk_1` FOREIGN KEY (`id_psanksi`) REFERENCES `psanksi` (`id_psanksi`);

--
-- Constraints for table `pmain`
--
ALTER TABLE `pmain`
  ADD CONSTRAINT `pmain_ibfk_1` FOREIGN KEY (`id_mhsbinaan`) REFERENCES `m_binaan` (`id_mhsbinaan`),
  ADD CONSTRAINT `pmain_ibfk_2` FOREIGN KEY (`id_pbentuk`) REFERENCES `pbentuk` (`id_pbentuk`),
  ADD CONSTRAINT `pmain_ibfk_3` FOREIGN KEY (`id_paksi`) REFERENCES `paksi` (`id_paksi`),
  ADD CONSTRAINT `pmain_ibfk_4` FOREIGN KEY (`id_psanksi`) REFERENCES `psanksi` (`id_psanksi`),
  ADD CONSTRAINT `pmain_ibfk_5` FOREIGN KEY (`id_planjut`) REFERENCES `planjut` (`id_planjut`);

--
-- Constraints for table `shalat`
--
ALTER TABLE `shalat`
  ADD CONSTRAINT `shalat_ibfk_1` FOREIGN KEY (`id_mahasiswa`) REFERENCES `mahasiswa` (`id_mahasiswa`);
COMMIT;

/*!40101 SET CHARACTER_SET_CLIENT=@OLD_CHARACTER_SET_CLIENT */;
/*!40101 SET CHARACTER_SET_RESULTS=@OLD_CHARACTER_SET_RESULTS */;
/*!40101 SET COLLATION_CONNECTION=@OLD_COLLATION_CONNECTION */;
